annotation_id,annotation_uri,pleiades_place_id,pleiades_place_uri,citation_reference,citation_uri,citation_title,creator,created,place_name,latitude,longitude,location_precision,place_description
16,http://data.perseus.org/annotations/occur/places:pleiades/urn:cts:greekLit:tlg0003.tlg001.perseus-eng3#16,991353,http://pleiades.stoa.org/places/991353#this,greekLit:tlg0003.tlg001.perseus-eng3:3.86,http://data.perseus.org/citations/urn:cts:greekLit:tlg0003.tlg001.perseus-eng3:3.86,"Thucydides, The Peloponnesian War 3.86",Perseus Digital Library,2013-10-16,Unknown (991353),,,,
17,http://data.perseus.org/annotations/occur/places:pleiades/urn:cts:greekLit:tlg0003.tlg001.perseus-eng3#17,981549,http://pleiades.stoa.org/places/981549#this,greekLit:tlg0003.tlg001.perseus-eng3:3.86,http://data.perseus.org/citations/urn:cts:greekLit:tlg0003.tlg001.perseus-eng3:3.86,"Thucydides, The Peloponnesian War 3.86",Perseus Digital Library,2013-10-16,Sicily,37.502959,15.088142,rough,The Roman province of Sicilia (Sicily) was initially organized in 241 BC as a territory with a proconsular governor. The territory fell to the Vandals in AD 440 but was reclaimed by the Byzantines.
20,http://data.perseus.org/annotations/occur/places:pleiades/urn:cts:greekLit:tlg0003.tlg001.perseus-eng3#20,991353,http://pleiades.stoa.org/places/991353#this,greekLit:tlg0003.tlg001.perseus-eng3:3.88,http://data.perseus.org/citations/urn:cts:greekLit:tlg0003.tlg001.perseus-eng3:3.88,"Thucydides, The Peloponnesian War 3.88",Perseus Digital Library,2013-10-16,Unknown (991353),,,,
21,http://data.perseus.org/annotations/occur/places:pleiades/urn:cts:greekLit:tlg0003.tlg001.perseus-eng3#21,981549,http://pleiades.stoa.org/places/981549#this,greekLit:tlg0003.tlg001.perseus-eng3:3.88,http://data.perseus.org/citations/urn:cts:greekLit:tlg0003.tlg001.perseus-eng3:3.88,"Thucydides, The Peloponnesian War 3.88",Perseus Digital Library,2013-10-16,Sicily,37.502959,15.088142,rough,The Roman province of Sicilia (Sicily) was initially organized in 241 BC as a territory with a proconsular governor. The territory fell to the Vandals in AD 440 but was reclaimed by the Byzantines.
22,http://data.perseus.org/annotations/occur/places:pleiades/urn:cts:greekLit:tlg0003.tlg001.perseus-eng3#22,991353,http://pleiades.stoa.org/places/991353#this,greekLit:tlg0003.tlg001.perseus-eng3:3.90,http://data.perseus.org/citations/urn:cts:greekLit:tlg0003.tlg001.perseus-eng3:3.90,"Thucydides, The Peloponnesian War 3.90",Perseus Digital Library,2013-10-16,Unknown (991353),,,,
23,http://data.perseus.org/annotations/occur/places:pleiades/urn:cts:greekLit:tlg0003.tlg001.perseus-eng3#23,981549,http://pleiades.stoa.org/places/981549#this,greekLit:tlg0003.tlg001.perseus-eng3:3.90,http://data.perseus.org/citations/urn:cts:greekLit:tlg0003.tlg001.perseus-eng3:3.90,"Thucydides, The Peloponnesian War 3.90",Perseus Digital Library,2013-10-16,Sicily,37.502959,15.088142,rough,The Roman province of Sicilia (Sicily) was initially organized in 241 BC as a territory with a proconsular governor. The territory fell to the Vandals in AD 440 but was reclaimed by the Byzantines.
24,http://data.perseus.org/annotations/occur/places:pleiades/urn:cts:greekLit:tlg0003.tlg001.perseus-eng3#24,991353,http://pleiades.stoa.org/places/991353#this,greekLit:tlg0003.tlg001.perseus-eng3:3.99,http://data.perseus.org/citations/urn:cts:greekLit:tlg0003.tlg001.perseus-eng3:3.99,"Thucydides, The Peloponnesian War 3.99",Perseus Digital Library,2013-10-16,Unknown (991353),,,,
25,http://data.perseus.org/annotations/occur/places:pleiades/urn:cts:greekLit:tlg0003.tlg001.perseus-eng3#25,981549,http://pleiades.stoa.org/places/981549#this,greekLit:tlg0003.tlg001.perseus-eng3:3.99,http://data.perseus.org/citations/urn:cts:greekLit:tlg0003.tlg001.perseus-eng3:3.99,"Thucydides, The Peloponnesian War 3.99",Perseus Digital Library,2013-10-16,Sicily,37.502959,15.088142,rough,The Roman province of Sicilia (Sicily) was initially organized in 241 BC as a territory with a proconsular governor. The territory fell to the Vandals in AD 440 but was reclaimed by the Byzantines.
26,http://data.perseus.org/annotations/occur/places:pleiades/urn:cts:greekLit:tlg0003.tlg001.perseus-eng3#26,991353,http://pleiades.stoa.org/places/991353#this,greekLit:tlg0003.tlg001.perseus-eng3:3.103,http://data.perseus.org/citations/urn:cts:greekLit:tlg0003.tlg001.perseus-eng3:3.103,"Thucydides, The Peloponnesian War 3.103",Perseus Digital Library,2013-10-16,Unknown (991353),,,,
27,http://data.perseus.org/annotations/occur/places:pleiades/urn:cts:greekLit:tlg0003.tlg001.perseus-eng3#27,981549,http://pleiades.stoa.org/places/981549#this,greekLit:tlg0003.tlg001.perseus-eng3:3.103,http://data.perseus.org/citations/urn:cts:greekLit:tlg0003.tlg001.perseus-eng3:3.103,"Thucydides, The Peloponnesian War 3.103",Perseus Digital Library,2013-10-16,Sicily,37.502959,15.088142,rough,The Roman province of Sicilia (Sicily) was initially organized in 241 BC as a territory with a proconsular governor. The territory fell to the Vandals in AD 440 but was reclaimed by the Byzantines.
28,http://data.perseus.org/annotations/occur/places:pleiades/urn:cts:greekLit:tlg0003.tlg001.perseus-eng3#28,991353,http://pleiades.stoa.org/places/991353#this,greekLit:tlg0003.tlg001.perseus-eng3:3.115,http://data.perseus.org/citations/urn:cts:greekLit:tlg0003.tlg001.perseus-eng3:3.115,"Thucydides, The Peloponnesian War 3.115",Perseus Digital Library,2013-10-16,Unknown (991353),,,,
29,http://data.perseus.org/annotations/occur/places:pleiades/urn:cts:greekLit:tlg0003.tlg001.perseus-eng3#29,981549,http://pleiades.stoa.org/places/981549#this,greekLit:tlg0003.tlg001.perseus-eng3:3.115,http://data.perseus.org/citations/urn:cts:greekLit:tlg0003.tlg001.perseus-eng3:3.115,"Thucydides, The Peloponnesian War 3.115",Perseus Digital Library,2013-10-16,Sicily,37.502959,15.088142,rough,The Roman province of Sicilia (Sicily) was initially organized in 241 BC as a territory with a proconsular governor. The territory fell to the Vandals in AD 440 but was reclaimed by the Byzantines.
34,http://data.perseus.org/annotations/occur/places:pleiades/urn:cts:greekLit:tlg0003.tlg001.perseus-eng3#34,991353,http://pleiades.stoa.org/places/991353#this,greekLit:tlg0003.tlg001.perseus-eng3:3.116,http://data.perseus.org/citations/urn:cts:greekLit:tlg0003.tlg001.perseus-eng3:3.116,"Thucydides, The Peloponnesian War 3.116",Perseus Digital Library,2013-10-16,Unknown (991353),,,,
35,http://data.perseus.org/annotations/occur/places:pleiades/urn:cts:greekLit:tlg0003.tlg001.perseus-eng3#35,981549,http://pleiades.stoa.org/places/981549#this,greekLit:tlg0003.tlg001.perseus-eng3:3.116,http://data.perseus.org/citations/urn:cts:greekLit:tlg0003.tlg001.perseus-eng3:3.116,"Thucydides, The Peloponnesian War 3.116",Perseus Digital Library,2013-10-16,Sicily,37.502959,15.088142,rough,The Roman province of Sicilia (Sicily) was initially organized in 241 BC as a territory with a proconsular governor. The territory fell to the Vandals in AD 440 but was reclaimed by the Byzantines.
349,http://data.perseus.org/annotations/occur/places:pleiades/urn:cts:greekLit:tlg0003.tlg001.perseus-eng3#349,550738,http://pleiades.stoa.org/places/550738#this,greekLit:tlg0003.tlg001.perseus-eng3:3.2,http://data.perseus.org/citations/urn:cts:greekLit:tlg0003.tlg001.perseus-eng3:3.2,"Thucydides, The Peloponnesian War 3.2",Perseus Digital Library,2013-10-16,Methymna,39.369167,26.176891,precise,"An ancient place, cited: BAtlas 56 C3 Methymna"
350,http://data.perseus.org/annotations/occur/places:pleiades/urn:cts:greekLit:tlg0003.tlg001.perseus-eng3#350,550738,http://pleiades.stoa.org/places/550738#this,greekLit:tlg0003.tlg001.perseus-eng3:3.18,http://data.perseus.org/citations/urn:cts:greekLit:tlg0003.tlg001.perseus-eng3:3.18,"Thucydides, The Peloponnesian War 3.18",Perseus Digital Library,2013-10-16,Methymna,39.369167,26.176891,precise,"An ancient place, cited: BAtlas 56 C3 Methymna"
357,http://data.perseus.org/annotations/occur/places:pleiades/urn:cts:greekLit:tlg0003.tlg001.perseus-eng3#357,570504,http://pleiades.stoa.org/places/570505#this,greekLit:tlg0003.tlg001.perseus-eng3:3.96,http://data.perseus.org/citations/urn:cts:greekLit:tlg0003.tlg001.perseus-eng3:3.96,"Thucydides, The Peloponnesian War 3.96",Perseus Digital Library,2013-10-16,Nemea,37.80905853069708,22.710679536483795,precise,"Today an intermittent drainage known as the Nemeas or Zapantis that rises in the vicinity of ancient Nemea and flows north, emptying into the Corinthian Gulf near the modern village of Vrachati."
376,http://data.perseus.org/annotations/occur/places:pleiades/urn:cts:greekLit:tlg0003.tlg001.perseus-eng3#376,599577,http://pleiades.stoa.org/places/599578#this,greekLit:tlg0003.tlg001.perseus-eng3:3.34,http://data.perseus.org/citations/urn:cts:greekLit:tlg0003.tlg001.perseus-eng3:3.34,"Thucydides, The Peloponnesian War 3.34",Perseus Digital Library,2013-10-16,Colophon,38.108253,27.1483085,precise,A port city founded by Aeolian settlers at the mouth of the River Avci.
393,http://data.perseus.org/annotations/occur/places:pleiades/urn:cts:greekLit:tlg0003.tlg001.perseus-eng3#393,481818,http://pleiades.stoa.org/places/481818#this,greekLit:tlg0003.tlg001.perseus-eng3:3.70,http://data.perseus.org/citations/urn:cts:greekLit:tlg0003.tlg001.perseus-eng3:3.70,"Thucydides, The Peloponnesian War 3.70",Perseus Digital Library,2013-10-16,Dyrr(h)achium/Epidamnos,41.3163425,19.447355,precise,A city founded in 627 B.C. by colonists from Corinth and Kerkyra.
443,http://data.perseus.org/annotations/occur/places:pleiades/urn:cts:greekLit:tlg0003.tlg001.perseus-eng3#443,599612,http://pleiades.stoa.org/places/599612#this,greekLit:tlg0003.tlg001.perseus-eng3:3.32,http://data.perseus.org/citations/urn:cts:greekLit:tlg0003.tlg001.perseus-eng3:3.32,"Thucydides, The Peloponnesian War 3.32",Perseus Digital Library,2013-10-16,Ephesus/Arsinoe(ia),37.940164271971945,27.34240298195866,precise,Ephesus/Arsinoe(ia) was the most important ancient metropolis of Ionian Asia Minor.
444,http://data.perseus.org/annotations/occur/places:pleiades/urn:cts:greekLit:tlg0003.tlg001.perseus-eng3#444,599612,http://pleiades.stoa.org/places/599612#this,greekLit:tlg0003.tlg001.perseus-eng3:3.104,http://data.perseus.org/citations/urn:cts:greekLit:tlg0003.tlg001.perseus-eng3:3.104,"Thucydides, The Peloponnesian War 3.104",Perseus Digital Library,2013-10-16,Ephesus/Arsinoe(ia),37.940164271971945,27.34240298195866,precise,Ephesus/Arsinoe(ia) was the most important ancient metropolis of Ionian Asia Minor.
448,http://data.perseus.org/annotations/occur/places:pleiades/urn:cts:greekLit:tlg0003.tlg001.perseus-eng3#448,550911,http://pleiades.stoa.org/places/550911#this,greekLit:tlg0003.tlg001.perseus-eng3:3.28,http://data.perseus.org/citations/urn:cts:greekLit:tlg0003.tlg001.perseus-eng3:3.28,"Thucydides, The Peloponnesian War 3.28",Perseus Digital Library,2013-10-16,Tenedos,39.8343172,26.06963835,precise,"An ancient place, cited: BAtlas 56 C2 Tenedos"
450,http://data.perseus.org/annotations/occur/places:pleiades/urn:cts:greekLit:tlg0003.tlg001.perseus-eng3#450,550911,http://pleiades.stoa.org/places/550911#this,greekLit:tlg0003.tlg001.perseus-eng3:3.35,http://data.perseus.org/citations/urn:cts:greekLit:tlg0003.tlg001.perseus-eng3:3.35,"Thucydides, The Peloponnesian War 3.35",Perseus Digital Library,2013-10-16,Tenedos,39.8343172,26.06963835,precise,"An ancient place, cited: BAtlas 56 C2 Tenedos"
470,http://data.perseus.org/annotations/occur/places:pleiades/urn:cts:greekLit:tlg0003.tlg001.perseus-eng3#470,580114,http://pleiades.stoa.org/places/580114#this,greekLit:tlg0003.tlg001.perseus-eng3:3.91,http://data.perseus.org/citations/urn:cts:greekLit:tlg0003.tlg001.perseus-eng3:3.91,"Thucydides, The Peloponnesian War 3.91",Perseus Digital Library,2013-10-16,Tanagra,38.309293524969846,23.58648747783495,precise,Tanagra was an ancient settlement of Boeotia.
504,http://data.perseus.org/annotations/occur/places:pleiades/urn:cts:greekLit:tlg0003.tlg001.perseus-eng3#504,541063,http://pleiades.stoa.org/places/541063#this,greekLit:tlg0003.tlg001.perseus-eng3:3.36,http://data.perseus.org/citations/urn:cts:greekLit:tlg0003.tlg001.perseus-eng3:3.36,"Thucydides, The Peloponnesian War 3.36",Perseus Digital Library,2013-10-16,Plataea,38.2210753,23.27353775,precise,"Plataea is an ancient city of Boeotia, located south of Thebes. In 479 BC Plataea was the site of the Battle of Plataea, in which an allied Greek army defeated the Persians. Plataea was destroyed in the Peloponnesian War by Thebes and Sparta in 427 BC and rebuilt in 386 BC."
505,http://data.perseus.org/annotations/occur/places:pleiades/urn:cts:greekLit:tlg0003.tlg001.perseus-eng3#505,541063,http://pleiades.stoa.org/places/541063#this,greekLit:tlg0003.tlg001.perseus-eng3:3.52,http://data.perseus.org/citations/urn:cts:greekLit:tlg0003.tlg001.perseus-eng3:3.52,"Thucydides, The Peloponnesian War 3.52",Perseus Digital Library,2013-10-16,Plataea,38.2210753,23.27353775,precise,"Plataea is an ancient city of Boeotia, located south of Thebes. In 479 BC Plataea was the site of the Battle of Plataea, in which an allied Greek army defeated the Persians. Plataea was destroyed in the Peloponnesian War by Thebes and Sparta in 427 BC and rebuilt in 386 BC."
506,http://data.perseus.org/annotations/occur/places:pleiades/urn:cts:greekLit:tlg0003.tlg001.perseus-eng3#506,541063,http://pleiades.stoa.org/places/541063#this,greekLit:tlg0003.tlg001.perseus-eng3:3.57,http://data.perseus.org/citations/urn:cts:greekLit:tlg0003.tlg001.perseus-eng3:3.57,"Thucydides, The Peloponnesian War 3.57",Perseus Digital Library,2013-10-16,Plataea,38.2210753,23.27353775,precise,"Plataea is an ancient city of Boeotia, located south of Thebes. In 479 BC Plataea was the site of the Battle of Plataea, in which an allied Greek army defeated the Persians. Plataea was destroyed in the Peloponnesian War by Thebes and Sparta in 427 BC and rebuilt in 386 BC."
507,http://data.perseus.org/annotations/occur/places:pleiades/urn:cts:greekLit:tlg0003.tlg001.perseus-eng3#507,541063,http://pleiades.stoa.org/places/541063#this,greekLit:tlg0003.tlg001.perseus-eng3:3.61,http://data.perseus.org/citations/urn:cts:greekLit:tlg0003.tlg001.perseus-eng3:3.61,"Thucydides, The Peloponnesian War 3.61",Perseus Digital Library,2013-10-16,Plataea,38.2210753,23.27353775,precise,"Plataea is an ancient city of Boeotia, located south of Thebes. In 479 BC Plataea was the site of the Battle of Plataea, in which an allied Greek army defeated the Persians. Plataea was destroyed in the Peloponnesian War by Thebes and Sparta in 427 BC and rebuilt in 386 BC."
508,http://data.perseus.org/annotations/occur/places:pleiades/urn:cts:greekLit:tlg0003.tlg001.perseus-eng3#508,541063,http://pleiades.stoa.org/places/541063#this,greekLit:tlg0003.tlg001.perseus-eng3:3.68,http://data.perseus.org/citations/urn:cts:greekLit:tlg0003.tlg001.perseus-eng3:3.68,"Thucydides, The Peloponnesian War 3.68",Perseus Digital Library,2013-10-16,Plataea,38.2210753,23.27353775,precise,"Plataea is an ancient city of Boeotia, located south of Thebes. In 479 BC Plataea was the site of the Battle of Plataea, in which an allied Greek army defeated the Persians. Plataea was destroyed in the Peloponnesian War by Thebes and Sparta in 427 BC and rebuilt in 386 BC."
534,http://data.perseus.org/annotations/occur/places:pleiades/urn:cts:greekLit:tlg0003.tlg001.perseus-eng3#534,570531,http://pleiades.stoa.org/places/570531#this,greekLit:tlg0003.tlg001.perseus-eng3:3.8,http://data.perseus.org/citations/urn:cts:greekLit:tlg0003.tlg001.perseus-eng3:3.8,"Thucydides, The Peloponnesian War 3.8",Perseus Digital Library,2013-10-16,Olympia,37.63868719225715,21.630843690589423,precise,Ancient sanctuary of Zeus and home of the ancient Olympic games.
535,http://data.perseus.org/annotations/occur/places:pleiades/urn:cts:greekLit:tlg0003.tlg001.perseus-eng3#535,491677,http://pleiades.stoa.org/places/491677#this,greekLit:tlg0003.tlg001.perseus-eng3:3.8,http://data.perseus.org/citations/urn:cts:greekLit:tlg0003.tlg001.perseus-eng3:3.8,"Thucydides, The Peloponnesian War 3.8",Perseus Digital Library,2013-10-16,Olympos (mountain in Greece),40.085556,22.358611,precise,"Olympus is the highest mountain in Greece, located in the Olympus Range. In Greek mythology, it is the home of the Olympian gods."
594,http://data.perseus.org/annotations/occur/places:pleiades/urn:cts:greekLit:tlg0003.tlg001.perseus-eng3#594,570685,http://pleiades.stoa.org/places/570577#this,greekLit:tlg0003.tlg001.perseus-eng3:3.3,http://data.perseus.org/citations/urn:cts:greekLit:tlg0003.tlg001.perseus-eng3:3.3,"Thucydides, The Peloponnesian War 3.3",Perseus Digital Library,2013-10-16,Sparta,37.08184552460426,22.42468254617709,precise,"The large peninsula protuding into the Mediterranean Sea that constitutes the southern part of Greece. It is largely separated from mainland Greece on the north by the Corinthian Gulf, joining it only in the northeast via the narrow Isthmus of Corinth."
595,http://data.perseus.org/annotations/occur/places:pleiades/urn:cts:greekLit:tlg0003.tlg001.perseus-eng3#595,570685,http://pleiades.stoa.org/places/570577#this,greekLit:tlg0003.tlg001.perseus-eng3:3.5,http://data.perseus.org/citations/urn:cts:greekLit:tlg0003.tlg001.perseus-eng3:3.5,"Thucydides, The Peloponnesian War 3.5",Perseus Digital Library,2013-10-16,Sparta,37.08184552460426,22.42468254617709,precise,"The large peninsula protuding into the Mediterranean Sea that constitutes the southern part of Greece. It is largely separated from mainland Greece on the north by the Corinthian Gulf, joining it only in the northeast via the narrow Isthmus of Corinth."
596,http://data.perseus.org/annotations/occur/places:pleiades/urn:cts:greekLit:tlg0003.tlg001.perseus-eng3#596,570685,http://pleiades.stoa.org/places/570577#this,greekLit:tlg0003.tlg001.perseus-eng3:3.7,http://data.perseus.org/citations/urn:cts:greekLit:tlg0003.tlg001.perseus-eng3:3.7,"Thucydides, The Peloponnesian War 3.7",Perseus Digital Library,2013-10-16,Sparta,37.08184552460426,22.42468254617709,precise,"The large peninsula protuding into the Mediterranean Sea that constitutes the southern part of Greece. It is largely separated from mainland Greece on the north by the Corinthian Gulf, joining it only in the northeast via the narrow Isthmus of Corinth."
597,http://data.perseus.org/annotations/occur/places:pleiades/urn:cts:greekLit:tlg0003.tlg001.perseus-eng3#597,570685,http://pleiades.stoa.org/places/570577#this,greekLit:tlg0003.tlg001.perseus-eng3:3.16,http://data.perseus.org/citations/urn:cts:greekLit:tlg0003.tlg001.perseus-eng3:3.16,"Thucydides, The Peloponnesian War 3.16",Perseus Digital Library,2013-10-16,Sparta,37.08184552460426,22.42468254617709,precise,"The large peninsula protuding into the Mediterranean Sea that constitutes the southern part of Greece. It is largely separated from mainland Greece on the north by the Corinthian Gulf, joining it only in the northeast via the narrow Isthmus of Corinth."
600,http://data.perseus.org/annotations/occur/places:pleiades/urn:cts:greekLit:tlg0003.tlg001.perseus-eng3#600,570685,http://pleiades.stoa.org/places/570577#this,greekLit:tlg0003.tlg001.perseus-eng3:3.17,http://data.perseus.org/citations/urn:cts:greekLit:tlg0003.tlg001.perseus-eng3:3.17,"Thucydides, The Peloponnesian War 3.17",Perseus Digital Library,2013-10-16,Sparta,37.08184552460426,22.42468254617709,precise,"The large peninsula protuding into the Mediterranean Sea that constitutes the southern part of Greece. It is largely separated from mainland Greece on the north by the Corinthian Gulf, joining it only in the northeast via the narrow Isthmus of Corinth."
601,http://data.perseus.org/annotations/occur/places:pleiades/urn:cts:greekLit:tlg0003.tlg001.perseus-eng3#601,570685,http://pleiades.stoa.org/places/570577#this,greekLit:tlg0003.tlg001.perseus-eng3:3.27,http://data.perseus.org/citations/urn:cts:greekLit:tlg0003.tlg001.perseus-eng3:3.27,"Thucydides, The Peloponnesian War 3.27",Perseus Digital Library,2013-10-16,Sparta,37.08184552460426,22.42468254617709,precise,"The large peninsula protuding into the Mediterranean Sea that constitutes the southern part of Greece. It is largely separated from mainland Greece on the north by the Corinthian Gulf, joining it only in the northeast via the narrow Isthmus of Corinth."
602,http://data.perseus.org/annotations/occur/places:pleiades/urn:cts:greekLit:tlg0003.tlg001.perseus-eng3#602,570685,http://pleiades.stoa.org/places/570577#this,greekLit:tlg0003.tlg001.perseus-eng3:3.29,http://data.perseus.org/citations/urn:cts:greekLit:tlg0003.tlg001.perseus-eng3:3.29,"Thucydides, The Peloponnesian War 3.29",Perseus Digital Library,2013-10-16,Sparta,37.08184552460426,22.42468254617709,precise,"The large peninsula protuding into the Mediterranean Sea that constitutes the southern part of Greece. It is largely separated from mainland Greece on the north by the Corinthian Gulf, joining it only in the northeast via the narrow Isthmus of Corinth."
603,http://data.perseus.org/annotations/occur/places:pleiades/urn:cts:greekLit:tlg0003.tlg001.perseus-eng3#603,570685,http://pleiades.stoa.org/places/570577#this,greekLit:tlg0003.tlg001.perseus-eng3:3.31,http://data.perseus.org/citations/urn:cts:greekLit:tlg0003.tlg001.perseus-eng3:3.31,"Thucydides, The Peloponnesian War 3.31",Perseus Digital Library,2013-10-16,Sparta,37.08184552460426,22.42468254617709,precise,"The large peninsula protuding into the Mediterranean Sea that constitutes the southern part of Greece. It is largely separated from mainland Greece on the north by the Corinthian Gulf, joining it only in the northeast via the narrow Isthmus of Corinth."
604,http://data.perseus.org/annotations/occur/places:pleiades/urn:cts:greekLit:tlg0003.tlg001.perseus-eng3#604,570685,http://pleiades.stoa.org/places/570577#this,greekLit:tlg0003.tlg001.perseus-eng3:3.33,http://data.perseus.org/citations/urn:cts:greekLit:tlg0003.tlg001.perseus-eng3:3.33,"Thucydides, The Peloponnesian War 3.33",Perseus Digital Library,2013-10-16,Sparta,37.08184552460426,22.42468254617709,precise,"The large peninsula protuding into the Mediterranean Sea that constitutes the southern part of Greece. It is largely separated from mainland Greece on the north by the Corinthian Gulf, joining it only in the northeast via the narrow Isthmus of Corinth."
605,http://data.perseus.org/annotations/occur/places:pleiades/urn:cts:greekLit:tlg0003.tlg001.perseus-eng3#605,570685,http://pleiades.stoa.org/places/570577#this,greekLit:tlg0003.tlg001.perseus-eng3:3.69,http://data.perseus.org/citations/urn:cts:greekLit:tlg0003.tlg001.perseus-eng3:3.69,"Thucydides, The Peloponnesian War 3.69",Perseus Digital Library,2013-10-16,Sparta,37.08184552460426,22.42468254617709,precise,"The large peninsula protuding into the Mediterranean Sea that constitutes the southern part of Greece. It is largely separated from mainland Greece on the north by the Corinthian Gulf, joining it only in the northeast via the narrow Isthmus of Corinth."
606,http://data.perseus.org/annotations/occur/places:pleiades/urn:cts:greekLit:tlg0003.tlg001.perseus-eng3#606,570685,http://pleiades.stoa.org/places/570577#this,greekLit:tlg0003.tlg001.perseus-eng3:3.86,http://data.perseus.org/citations/urn:cts:greekLit:tlg0003.tlg001.perseus-eng3:3.86,"Thucydides, The Peloponnesian War 3.86",Perseus Digital Library,2013-10-16,Sparta,37.08184552460426,22.42468254617709,precise,"The large peninsula protuding into the Mediterranean Sea that constitutes the southern part of Greece. It is largely separated from mainland Greece on the north by the Corinthian Gulf, joining it only in the northeast via the narrow Isthmus of Corinth."
607,http://data.perseus.org/annotations/occur/places:pleiades/urn:cts:greekLit:tlg0003.tlg001.perseus-eng3#607,570685,http://pleiades.stoa.org/places/570577#this,greekLit:tlg0003.tlg001.perseus-eng3:3.91,http://data.perseus.org/citations/urn:cts:greekLit:tlg0003.tlg001.perseus-eng3:3.91,"Thucydides, The Peloponnesian War 3.91",Perseus Digital Library,2013-10-16,Sparta,37.08184552460426,22.42468254617709,precise,"The large peninsula protuding into the Mediterranean Sea that constitutes the southern part of Greece. It is largely separated from mainland Greece on the north by the Corinthian Gulf, joining it only in the northeast via the narrow Isthmus of Corinth."
608,http://data.perseus.org/annotations/occur/places:pleiades/urn:cts:greekLit:tlg0003.tlg001.perseus-eng3#608,570685,http://pleiades.stoa.org/places/570577#this,greekLit:tlg0003.tlg001.perseus-eng3:3.94,http://data.perseus.org/citations/urn:cts:greekLit:tlg0003.tlg001.perseus-eng3:3.94,"Thucydides, The Peloponnesian War 3.94",Perseus Digital Library,2013-10-16,Sparta,37.08184552460426,22.42468254617709,precise,"The large peninsula protuding into the Mediterranean Sea that constitutes the southern part of Greece. It is largely separated from mainland Greece on the north by the Corinthian Gulf, joining it only in the northeast via the narrow Isthmus of Corinth."
609,http://data.perseus.org/annotations/occur/places:pleiades/urn:cts:greekLit:tlg0003.tlg001.perseus-eng3#609,570685,http://pleiades.stoa.org/places/570577#this,greekLit:tlg0003.tlg001.perseus-eng3:3.102,http://data.perseus.org/citations/urn:cts:greekLit:tlg0003.tlg001.perseus-eng3:3.102,"Thucydides, The Peloponnesian War 3.102",Perseus Digital Library,2013-10-16,Sparta,37.08184552460426,22.42468254617709,precise,"The large peninsula protuding into the Mediterranean Sea that constitutes the southern part of Greece. It is largely separated from mainland Greece on the north by the Corinthian Gulf, joining it only in the northeast via the narrow Isthmus of Corinth."
610,http://data.perseus.org/annotations/occur/places:pleiades/urn:cts:greekLit:tlg0003.tlg001.perseus-eng3#610,570685,http://pleiades.stoa.org/places/570577#this,greekLit:tlg0003.tlg001.perseus-eng3:3.105,http://data.perseus.org/citations/urn:cts:greekLit:tlg0003.tlg001.perseus-eng3:3.105,"Thucydides, The Peloponnesian War 3.105",Perseus Digital Library,2013-10-16,Sparta,37.08184552460426,22.42468254617709,precise,"The large peninsula protuding into the Mediterranean Sea that constitutes the southern part of Greece. It is largely separated from mainland Greece on the north by the Corinthian Gulf, joining it only in the northeast via the narrow Isthmus of Corinth."
695,http://data.perseus.org/annotations/occur/places:pleiades/urn:cts:greekLit:tlg0003.tlg001.perseus-eng3#695,541157,http://pleiades.stoa.org/places/541157#this,greekLit:tlg0003.tlg001.perseus-eng3:3.92,http://data.perseus.org/citations/urn:cts:greekLit:tlg0003.tlg001.perseus-eng3:3.92,"Thucydides, The Peloponnesian War 3.92",Perseus Digital Library,2013-10-16,Trachis/Herakleia,38.792037,22.447577,precise,"An ancient place, cited: BAtlas 55 C3 Trachis/Herakleia"
696,http://data.perseus.org/annotations/occur/places:pleiades/urn:cts:greekLit:tlg0003.tlg001.perseus-eng3#696,541157,http://pleiades.stoa.org/places/541157#this,greekLit:tlg0003.tlg001.perseus-eng3:3.100,http://data.perseus.org/citations/urn:cts:greekLit:tlg0003.tlg001.perseus-eng3:3.100,"Thucydides, The Peloponnesian War 3.100",Perseus Digital Library,2013-10-16,Trachis/Herakleia,38.792037,22.447577,precise,"An ancient place, cited: BAtlas 55 C3 Trachis/Herakleia"
781,http://data.perseus.org/annotations/occur/places:pleiades/urn:cts:greekLit:tlg0003.tlg001.perseus-eng3#781,1001896,http://pleiades.stoa.org/places/1001896#this,greekLit:tlg0003.tlg001.perseus-eng3:3.32,http://data.perseus.org/citations/urn:cts:greekLit:tlg0003.tlg001.perseus-eng3:3.32,"Thucydides, The Peloponnesian War 3.32",Perseus Digital Library,2013-10-16,Hellas,37.5,22.5,rough,"Hellas was an administrative region of the Late Roman Empire, included in the prefecture of Illyrikon according to Hierocles."
782,http://data.perseus.org/annotations/occur/places:pleiades/urn:cts:greekLit:tlg0003.tlg001.perseus-eng3#782,1001896,http://pleiades.stoa.org/places/1001896#this,greekLit:tlg0003.tlg001.perseus-eng3:3.54,http://data.perseus.org/citations/urn:cts:greekLit:tlg0003.tlg001.perseus-eng3:3.54,"Thucydides, The Peloponnesian War 3.54",Perseus Digital Library,2013-10-16,Hellas,37.5,22.5,rough,"Hellas was an administrative region of the Late Roman Empire, included in the prefecture of Illyrikon according to Hierocles."
783,http://data.perseus.org/annotations/occur/places:pleiades/urn:cts:greekLit:tlg0003.tlg001.perseus-eng3#783,1001896,http://pleiades.stoa.org/places/1001896#this,greekLit:tlg0003.tlg001.perseus-eng3:3.57,http://data.perseus.org/citations/urn:cts:greekLit:tlg0003.tlg001.perseus-eng3:3.57,"Thucydides, The Peloponnesian War 3.57",Perseus Digital Library,2013-10-16,Hellas,37.5,22.5,rough,"Hellas was an administrative region of the Late Roman Empire, included in the prefecture of Illyrikon according to Hierocles."
785,http://data.perseus.org/annotations/occur/places:pleiades/urn:cts:greekLit:tlg0003.tlg001.perseus-eng3#785,1001896,http://pleiades.stoa.org/places/1001896#this,greekLit:tlg0003.tlg001.perseus-eng3:3.62,http://data.perseus.org/citations/urn:cts:greekLit:tlg0003.tlg001.perseus-eng3:3.62,"Thucydides, The Peloponnesian War 3.62",Perseus Digital Library,2013-10-16,Hellas,37.5,22.5,rough,"Hellas was an administrative region of the Late Roman Empire, included in the prefecture of Illyrikon according to Hierocles."
787,http://data.perseus.org/annotations/occur/places:pleiades/urn:cts:greekLit:tlg0003.tlg001.perseus-eng3#787,1001896,http://pleiades.stoa.org/places/1001896#this,greekLit:tlg0003.tlg001.perseus-eng3:3.63,http://data.perseus.org/citations/urn:cts:greekLit:tlg0003.tlg001.perseus-eng3:3.63,"Thucydides, The Peloponnesian War 3.63",Perseus Digital Library,2013-10-16,Hellas,37.5,22.5,rough,"Hellas was an administrative region of the Late Roman Empire, included in the prefecture of Illyrikon according to Hierocles."
818,http://data.perseus.org/annotations/occur/places:pleiades/urn:cts:greekLit:tlg0003.tlg001.perseus-eng3#818,543694,http://pleiades.stoa.org/places/543856#this,greekLit:tlg0003.tlg001.perseus-eng3:3.18,http://data.perseus.org/citations/urn:cts:greekLit:tlg0003.tlg001.perseus-eng3:3.18,"Thucydides, The Peloponnesian War 3.18",Perseus Digital Library,2013-10-16,Pyrrha,,,rough,"An ancient settlement, attested by literary or documentary sources, whose precise location cannot be determined today"
821,http://data.perseus.org/annotations/occur/places:pleiades/urn:cts:greekLit:tlg0003.tlg001.perseus-eng3#821,642555,http://pleiades.stoa.org/places/642555#this,greekLit:tlg0003.tlg001.perseus-eng3:3.18,http://data.perseus.org/citations/urn:cts:greekLit:tlg0003.tlg001.perseus-eng3:3.18,"Thucydides, The Peloponnesian War 3.18",Perseus Digital Library,2013-10-16,Unknown (642555),,,,
822,http://data.perseus.org/annotations/occur/places:pleiades/urn:cts:greekLit:tlg0003.tlg001.perseus-eng3#822,543694,http://pleiades.stoa.org/places/543856#this,greekLit:tlg0003.tlg001.perseus-eng3:3.25,http://data.perseus.org/citations/urn:cts:greekLit:tlg0003.tlg001.perseus-eng3:3.25,"Thucydides, The Peloponnesian War 3.25",Perseus Digital Library,2013-10-16,Pyrrha,,,rough,"An ancient settlement, attested by literary or documentary sources, whose precise location cannot be determined today"
825,http://data.perseus.org/annotations/occur/places:pleiades/urn:cts:greekLit:tlg0003.tlg001.perseus-eng3#825,642555,http://pleiades.stoa.org/places/642555#this,greekLit:tlg0003.tlg001.perseus-eng3:3.25,http://data.perseus.org/citations/urn:cts:greekLit:tlg0003.tlg001.perseus-eng3:3.25,"Thucydides, The Peloponnesian War 3.25",Perseus Digital Library,2013-10-16,Unknown (642555),,,,
826,http://data.perseus.org/annotations/occur/places:pleiades/urn:cts:greekLit:tlg0003.tlg001.perseus-eng3#826,543694,http://pleiades.stoa.org/places/543856#this,greekLit:tlg0003.tlg001.perseus-eng3:3.35,http://data.perseus.org/citations/urn:cts:greekLit:tlg0003.tlg001.perseus-eng3:3.35,"Thucydides, The Peloponnesian War 3.35",Perseus Digital Library,2013-10-16,Pyrrha,,,rough,"An ancient settlement, attested by literary or documentary sources, whose precise location cannot be determined today"
829,http://data.perseus.org/annotations/occur/places:pleiades/urn:cts:greekLit:tlg0003.tlg001.perseus-eng3#829,642555,http://pleiades.stoa.org/places/642555#this,greekLit:tlg0003.tlg001.perseus-eng3:3.35,http://data.perseus.org/citations/urn:cts:greekLit:tlg0003.tlg001.perseus-eng3:3.35,"Thucydides, The Peloponnesian War 3.35",Perseus Digital Library,2013-10-16,Unknown (642555),,,,
1037,http://data.perseus.org/annotations/occur/places:pleiades/urn:cts:greekLit:tlg0003.tlg001.perseus-eng3#1037,543732,http://pleiades.stoa.org/places/543732#this,greekLit:tlg0003.tlg001.perseus-eng3:3.31,http://data.perseus.org/citations/urn:cts:greekLit:tlg0003.tlg001.perseus-eng3:3.31,"Thucydides, The Peloponnesian War 3.31",Perseus Digital Library,2013-10-16,Ionia,,,rough,"An ancient settlement, attested by literary or documentary sources, whose precise location cannot be determined today"
1038,http://data.perseus.org/annotations/occur/places:pleiades/urn:cts:greekLit:tlg0003.tlg001.perseus-eng3#1038,543732,http://pleiades.stoa.org/places/543732#this,greekLit:tlg0003.tlg001.perseus-eng3:3.32,http://data.perseus.org/citations/urn:cts:greekLit:tlg0003.tlg001.perseus-eng3:3.32,"Thucydides, The Peloponnesian War 3.32",Perseus Digital Library,2013-10-16,Ionia,,,rough,"An ancient settlement, attested by literary or documentary sources, whose precise location cannot be determined today"
1039,http://data.perseus.org/annotations/occur/places:pleiades/urn:cts:greekLit:tlg0003.tlg001.perseus-eng3#1039,543732,http://pleiades.stoa.org/places/543732#this,greekLit:tlg0003.tlg001.perseus-eng3:3.33,http://data.perseus.org/citations/urn:cts:greekLit:tlg0003.tlg001.perseus-eng3:3.33,"Thucydides, The Peloponnesian War 3.33",Perseus Digital Library,2013-10-16,Ionia,,,rough,"An ancient settlement, attested by literary or documentary sources, whose precise location cannot be determined today"
1040,http://data.perseus.org/annotations/occur/places:pleiades/urn:cts:greekLit:tlg0003.tlg001.perseus-eng3#1040,543732,http://pleiades.stoa.org/places/543732#this,greekLit:tlg0003.tlg001.perseus-eng3:3.36,http://data.perseus.org/citations/urn:cts:greekLit:tlg0003.tlg001.perseus-eng3:3.36,"Thucydides, The Peloponnesian War 3.36",Perseus Digital Library,2013-10-16,Ionia,,,rough,"An ancient settlement, attested by literary or documentary sources, whose precise location cannot be determined today"
1041,http://data.perseus.org/annotations/occur/places:pleiades/urn:cts:greekLit:tlg0003.tlg001.perseus-eng3#1041,543732,http://pleiades.stoa.org/places/543732#this,greekLit:tlg0003.tlg001.perseus-eng3:3.76,http://data.perseus.org/citations/urn:cts:greekLit:tlg0003.tlg001.perseus-eng3:3.76,"Thucydides, The Peloponnesian War 3.76",Perseus Digital Library,2013-10-16,Ionia,,,rough,"An ancient settlement, attested by literary or documentary sources, whose precise location cannot be determined today"
1146,http://data.perseus.org/annotations/occur/places:pleiades/urn:cts:greekLit:tlg0003.tlg001.perseus-eng3#1146,570474,http://pleiades.stoa.org/places/570474#this,greekLit:tlg0003.tlg001.perseus-eng3:3.91,http://data.perseus.org/citations/urn:cts:greekLit:tlg0003.tlg001.perseus-eng3:3.91,"Thucydides, The Peloponnesian War 3.91",Perseus Digital Library,2013-10-16,Melos,36.743864,24.423276,precise,"An ancient place, cited: BAtlas 58 G4 Melos"
1152,http://data.perseus.org/annotations/occur/places:pleiades/urn:cts:greekLit:tlg0003.tlg001.perseus-eng3#1152,570474,http://pleiades.stoa.org/places/570474#this,greekLit:tlg0003.tlg001.perseus-eng3:3.94,http://data.perseus.org/citations/urn:cts:greekLit:tlg0003.tlg001.perseus-eng3:3.94,"Thucydides, The Peloponnesian War 3.94",Perseus Digital Library,2013-10-16,Melos,36.743864,24.423276,precise,"An ancient place, cited: BAtlas 58 G4 Melos"
1214,http://data.perseus.org/annotations/occur/places:pleiades/urn:cts:greekLit:tlg0003.tlg001.perseus-eng3#1214,579844,http://pleiades.stoa.org/places/579844#this,greekLit:tlg0003.tlg001.perseus-eng3:3.72,http://data.perseus.org/citations/urn:cts:greekLit:tlg0003.tlg001.perseus-eng3:3.72,"Thucydides, The Peloponnesian War 3.72",Perseus Digital Library,2013-10-16,Aegina (island),37.73456251315417,23.489302083723413,precise,"An island in the Saronic gulf that is surrounded by Attica, Megaris, and Epidaurus."
1360,http://data.perseus.org/annotations/occur/places:pleiades/urn:cts:greekLit:tlg0003.tlg001.perseus-eng3#1360,579885,http://pleiades.stoa.org/places/579885#this,greekLit:tlg0003.tlg001.perseus-eng3:3.2,http://data.perseus.org/citations/urn:cts:greekLit:tlg0003.tlg001.perseus-eng3:3.2,"Thucydides, The Peloponnesian War 3.2",Perseus Digital Library,2013-10-16,Athens,37.97158606761233,23.72382469700237,rough,A major Greek city-state and the principal city of Attika. Modern Athens in Greece.
1362,http://data.perseus.org/annotations/occur/places:pleiades/urn:cts:greekLit:tlg0003.tlg001.perseus-eng3#1362,579885,http://pleiades.stoa.org/places/579885#this,greekLit:tlg0003.tlg001.perseus-eng3:3.3,http://data.perseus.org/citations/urn:cts:greekLit:tlg0003.tlg001.perseus-eng3:3.3,"Thucydides, The Peloponnesian War 3.3",Perseus Digital Library,2013-10-16,Athens,37.97158606761233,23.72382469700237,rough,A major Greek city-state and the principal city of Attika. Modern Athens in Greece.
1364,http://data.perseus.org/annotations/occur/places:pleiades/urn:cts:greekLit:tlg0003.tlg001.perseus-eng3#1364,579885,http://pleiades.stoa.org/places/579885#this,greekLit:tlg0003.tlg001.perseus-eng3:3.4,http://data.perseus.org/citations/urn:cts:greekLit:tlg0003.tlg001.perseus-eng3:3.4,"Thucydides, The Peloponnesian War 3.4",Perseus Digital Library,2013-10-16,Athens,37.97158606761233,23.72382469700237,rough,A major Greek city-state and the principal city of Attika. Modern Athens in Greece.
1366,http://data.perseus.org/annotations/occur/places:pleiades/urn:cts:greekLit:tlg0003.tlg001.perseus-eng3#1366,579885,http://pleiades.stoa.org/places/579885#this,greekLit:tlg0003.tlg001.perseus-eng3:3.5,http://data.perseus.org/citations/urn:cts:greekLit:tlg0003.tlg001.perseus-eng3:3.5,"Thucydides, The Peloponnesian War 3.5",Perseus Digital Library,2013-10-16,Athens,37.97158606761233,23.72382469700237,rough,A major Greek city-state and the principal city of Attika. Modern Athens in Greece.
1367,http://data.perseus.org/annotations/occur/places:pleiades/urn:cts:greekLit:tlg0003.tlg001.perseus-eng3#1367,579885,http://pleiades.stoa.org/places/579885#this,greekLit:tlg0003.tlg001.perseus-eng3:3.10,http://data.perseus.org/citations/urn:cts:greekLit:tlg0003.tlg001.perseus-eng3:3.10,"Thucydides, The Peloponnesian War 3.10",Perseus Digital Library,2013-10-16,Athens,37.97158606761233,23.72382469700237,rough,A major Greek city-state and the principal city of Attika. Modern Athens in Greece.
1368,http://data.perseus.org/annotations/occur/places:pleiades/urn:cts:greekLit:tlg0003.tlg001.perseus-eng3#1368,579885,http://pleiades.stoa.org/places/579885#this,greekLit:tlg0003.tlg001.perseus-eng3:3.11,http://data.perseus.org/citations/urn:cts:greekLit:tlg0003.tlg001.perseus-eng3:3.11,"Thucydides, The Peloponnesian War 3.11",Perseus Digital Library,2013-10-16,Athens,37.97158606761233,23.72382469700237,rough,A major Greek city-state and the principal city of Attika. Modern Athens in Greece.
1369,http://data.perseus.org/annotations/occur/places:pleiades/urn:cts:greekLit:tlg0003.tlg001.perseus-eng3#1369,579885,http://pleiades.stoa.org/places/579885#this,greekLit:tlg0003.tlg001.perseus-eng3:3.15,http://data.perseus.org/citations/urn:cts:greekLit:tlg0003.tlg001.perseus-eng3:3.15,"Thucydides, The Peloponnesian War 3.15",Perseus Digital Library,2013-10-16,Athens,37.97158606761233,23.72382469700237,rough,A major Greek city-state and the principal city of Attika. Modern Athens in Greece.
1370,http://data.perseus.org/annotations/occur/places:pleiades/urn:cts:greekLit:tlg0003.tlg001.perseus-eng3#1370,579885,http://pleiades.stoa.org/places/579885#this,greekLit:tlg0003.tlg001.perseus-eng3:3.16,http://data.perseus.org/citations/urn:cts:greekLit:tlg0003.tlg001.perseus-eng3:3.16,"Thucydides, The Peloponnesian War 3.16",Perseus Digital Library,2013-10-16,Athens,37.97158606761233,23.72382469700237,rough,A major Greek city-state and the principal city of Attika. Modern Athens in Greece.
1371,http://data.perseus.org/annotations/occur/places:pleiades/urn:cts:greekLit:tlg0003.tlg001.perseus-eng3#1371,579885,http://pleiades.stoa.org/places/579885#this,greekLit:tlg0003.tlg001.perseus-eng3:3.17,http://data.perseus.org/citations/urn:cts:greekLit:tlg0003.tlg001.perseus-eng3:3.17,"Thucydides, The Peloponnesian War 3.17",Perseus Digital Library,2013-10-16,Athens,37.97158606761233,23.72382469700237,rough,A major Greek city-state and the principal city of Attika. Modern Athens in Greece.
1372,http://data.perseus.org/annotations/occur/places:pleiades/urn:cts:greekLit:tlg0003.tlg001.perseus-eng3#1372,579885,http://pleiades.stoa.org/places/579885#this,greekLit:tlg0003.tlg001.perseus-eng3:3.18,http://data.perseus.org/citations/urn:cts:greekLit:tlg0003.tlg001.perseus-eng3:3.18,"Thucydides, The Peloponnesian War 3.18",Perseus Digital Library,2013-10-16,Athens,37.97158606761233,23.72382469700237,rough,A major Greek city-state and the principal city of Attika. Modern Athens in Greece.
1373,http://data.perseus.org/annotations/occur/places:pleiades/urn:cts:greekLit:tlg0003.tlg001.perseus-eng3#1373,579885,http://pleiades.stoa.org/places/579885#this,greekLit:tlg0003.tlg001.perseus-eng3:3.20,http://data.perseus.org/citations/urn:cts:greekLit:tlg0003.tlg001.perseus-eng3:3.20,"Thucydides, The Peloponnesian War 3.20",Perseus Digital Library,2013-10-16,Athens,37.97158606761233,23.72382469700237,rough,A major Greek city-state and the principal city of Attika. Modern Athens in Greece.
1374,http://data.perseus.org/annotations/occur/places:pleiades/urn:cts:greekLit:tlg0003.tlg001.perseus-eng3#1374,579885,http://pleiades.stoa.org/places/579885#this,greekLit:tlg0003.tlg001.perseus-eng3:3.21,http://data.perseus.org/citations/urn:cts:greekLit:tlg0003.tlg001.perseus-eng3:3.21,"Thucydides, The Peloponnesian War 3.21",Perseus Digital Library,2013-10-16,Athens,37.97158606761233,23.72382469700237,rough,A major Greek city-state and the principal city of Attika. Modern Athens in Greece.
1375,http://data.perseus.org/annotations/occur/places:pleiades/urn:cts:greekLit:tlg0003.tlg001.perseus-eng3#1375,579885,http://pleiades.stoa.org/places/579885#this,greekLit:tlg0003.tlg001.perseus-eng3:3.24,http://data.perseus.org/citations/urn:cts:greekLit:tlg0003.tlg001.perseus-eng3:3.24,"Thucydides, The Peloponnesian War 3.24",Perseus Digital Library,2013-10-16,Athens,37.97158606761233,23.72382469700237,rough,A major Greek city-state and the principal city of Attika. Modern Athens in Greece.
1377,http://data.perseus.org/annotations/occur/places:pleiades/urn:cts:greekLit:tlg0003.tlg001.perseus-eng3#1377,579885,http://pleiades.stoa.org/places/579885#this,greekLit:tlg0003.tlg001.perseus-eng3:3.28,http://data.perseus.org/citations/urn:cts:greekLit:tlg0003.tlg001.perseus-eng3:3.28,"Thucydides, The Peloponnesian War 3.28",Perseus Digital Library,2013-10-16,Athens,37.97158606761233,23.72382469700237,rough,A major Greek city-state and the principal city of Attika. Modern Athens in Greece.
1378,http://data.perseus.org/annotations/occur/places:pleiades/urn:cts:greekLit:tlg0003.tlg001.perseus-eng3#1378,579885,http://pleiades.stoa.org/places/579885#this,greekLit:tlg0003.tlg001.perseus-eng3:3.29,http://data.perseus.org/citations/urn:cts:greekLit:tlg0003.tlg001.perseus-eng3:3.29,"Thucydides, The Peloponnesian War 3.29",Perseus Digital Library,2013-10-16,Athens,37.97158606761233,23.72382469700237,rough,A major Greek city-state and the principal city of Attika. Modern Athens in Greece.
1379,http://data.perseus.org/annotations/occur/places:pleiades/urn:cts:greekLit:tlg0003.tlg001.perseus-eng3#1379,579885,http://pleiades.stoa.org/places/579885#this,greekLit:tlg0003.tlg001.perseus-eng3:3.31,http://data.perseus.org/citations/urn:cts:greekLit:tlg0003.tlg001.perseus-eng3:3.31,"Thucydides, The Peloponnesian War 3.31",Perseus Digital Library,2013-10-16,Athens,37.97158606761233,23.72382469700237,rough,A major Greek city-state and the principal city of Attika. Modern Athens in Greece.
1380,http://data.perseus.org/annotations/occur/places:pleiades/urn:cts:greekLit:tlg0003.tlg001.perseus-eng3#1380,579885,http://pleiades.stoa.org/places/579885#this,greekLit:tlg0003.tlg001.perseus-eng3:3.32,http://data.perseus.org/citations/urn:cts:greekLit:tlg0003.tlg001.perseus-eng3:3.32,"Thucydides, The Peloponnesian War 3.32",Perseus Digital Library,2013-10-16,Athens,37.97158606761233,23.72382469700237,rough,A major Greek city-state and the principal city of Attika. Modern Athens in Greece.
1381,http://data.perseus.org/annotations/occur/places:pleiades/urn:cts:greekLit:tlg0003.tlg001.perseus-eng3#1381,579885,http://pleiades.stoa.org/places/579885#this,greekLit:tlg0003.tlg001.perseus-eng3:3.33,http://data.perseus.org/citations/urn:cts:greekLit:tlg0003.tlg001.perseus-eng3:3.33,"Thucydides, The Peloponnesian War 3.33",Perseus Digital Library,2013-10-16,Athens,37.97158606761233,23.72382469700237,rough,A major Greek city-state and the principal city of Attika. Modern Athens in Greece.
1382,http://data.perseus.org/annotations/occur/places:pleiades/urn:cts:greekLit:tlg0003.tlg001.perseus-eng3#1382,579885,http://pleiades.stoa.org/places/579885#this,greekLit:tlg0003.tlg001.perseus-eng3:3.34,http://data.perseus.org/citations/urn:cts:greekLit:tlg0003.tlg001.perseus-eng3:3.34,"Thucydides, The Peloponnesian War 3.34",Perseus Digital Library,2013-10-16,Athens,37.97158606761233,23.72382469700237,rough,A major Greek city-state and the principal city of Attika. Modern Athens in Greece.
1383,http://data.perseus.org/annotations/occur/places:pleiades/urn:cts:greekLit:tlg0003.tlg001.perseus-eng3#1383,579885,http://pleiades.stoa.org/places/579885#this,greekLit:tlg0003.tlg001.perseus-eng3:3.35,http://data.perseus.org/citations/urn:cts:greekLit:tlg0003.tlg001.perseus-eng3:3.35,"Thucydides, The Peloponnesian War 3.35",Perseus Digital Library,2013-10-16,Athens,37.97158606761233,23.72382469700237,rough,A major Greek city-state and the principal city of Attika. Modern Athens in Greece.
1384,http://data.perseus.org/annotations/occur/places:pleiades/urn:cts:greekLit:tlg0003.tlg001.perseus-eng3#1384,579885,http://pleiades.stoa.org/places/579885#this,greekLit:tlg0003.tlg001.perseus-eng3:3.36,http://data.perseus.org/citations/urn:cts:greekLit:tlg0003.tlg001.perseus-eng3:3.36,"Thucydides, The Peloponnesian War 3.36",Perseus Digital Library,2013-10-16,Athens,37.97158606761233,23.72382469700237,rough,A major Greek city-state and the principal city of Attika. Modern Athens in Greece.
1387,http://data.perseus.org/annotations/occur/places:pleiades/urn:cts:greekLit:tlg0003.tlg001.perseus-eng3#1387,579885,http://pleiades.stoa.org/places/579885#this,greekLit:tlg0003.tlg001.perseus-eng3:3.44,http://data.perseus.org/citations/urn:cts:greekLit:tlg0003.tlg001.perseus-eng3:3.44,"Thucydides, The Peloponnesian War 3.44",Perseus Digital Library,2013-10-16,Athens,37.97158606761233,23.72382469700237,rough,A major Greek city-state and the principal city of Attika. Modern Athens in Greece.
1388,http://data.perseus.org/annotations/occur/places:pleiades/urn:cts:greekLit:tlg0003.tlg001.perseus-eng3#1388,579885,http://pleiades.stoa.org/places/579885#this,greekLit:tlg0003.tlg001.perseus-eng3:3.50,http://data.perseus.org/citations/urn:cts:greekLit:tlg0003.tlg001.perseus-eng3:3.50,"Thucydides, The Peloponnesian War 3.50",Perseus Digital Library,2013-10-16,Athens,37.97158606761233,23.72382469700237,rough,A major Greek city-state and the principal city of Attika. Modern Athens in Greece.
1389,http://data.perseus.org/annotations/occur/places:pleiades/urn:cts:greekLit:tlg0003.tlg001.perseus-eng3#1389,579885,http://pleiades.stoa.org/places/579885#this,greekLit:tlg0003.tlg001.perseus-eng3:3.52,http://data.perseus.org/citations/urn:cts:greekLit:tlg0003.tlg001.perseus-eng3:3.52,"Thucydides, The Peloponnesian War 3.52",Perseus Digital Library,2013-10-16,Athens,37.97158606761233,23.72382469700237,rough,A major Greek city-state and the principal city of Attika. Modern Athens in Greece.
1390,http://data.perseus.org/annotations/occur/places:pleiades/urn:cts:greekLit:tlg0003.tlg001.perseus-eng3#1390,579885,http://pleiades.stoa.org/places/579885#this,greekLit:tlg0003.tlg001.perseus-eng3:3.56,http://data.perseus.org/citations/urn:cts:greekLit:tlg0003.tlg001.perseus-eng3:3.56,"Thucydides, The Peloponnesian War 3.56",Perseus Digital Library,2013-10-16,Athens,37.97158606761233,23.72382469700237,rough,A major Greek city-state and the principal city of Attika. Modern Athens in Greece.
1391,http://data.perseus.org/annotations/occur/places:pleiades/urn:cts:greekLit:tlg0003.tlg001.perseus-eng3#1391,579885,http://pleiades.stoa.org/places/579885#this,greekLit:tlg0003.tlg001.perseus-eng3:3.63,http://data.perseus.org/citations/urn:cts:greekLit:tlg0003.tlg001.perseus-eng3:3.63,"Thucydides, The Peloponnesian War 3.63",Perseus Digital Library,2013-10-16,Athens,37.97158606761233,23.72382469700237,rough,A major Greek city-state and the principal city of Attika. Modern Athens in Greece.
1393,http://data.perseus.org/annotations/occur/places:pleiades/urn:cts:greekLit:tlg0003.tlg001.perseus-eng3#1393,579885,http://pleiades.stoa.org/places/579885#this,greekLit:tlg0003.tlg001.perseus-eng3:3.68,http://data.perseus.org/citations/urn:cts:greekLit:tlg0003.tlg001.perseus-eng3:3.68,"Thucydides, The Peloponnesian War 3.68",Perseus Digital Library,2013-10-16,Athens,37.97158606761233,23.72382469700237,rough,A major Greek city-state and the principal city of Attika. Modern Athens in Greece.
1394,http://data.perseus.org/annotations/occur/places:pleiades/urn:cts:greekLit:tlg0003.tlg001.perseus-eng3#1394,579885,http://pleiades.stoa.org/places/579885#this,greekLit:tlg0003.tlg001.perseus-eng3:3.69,http://data.perseus.org/citations/urn:cts:greekLit:tlg0003.tlg001.perseus-eng3:3.69,"Thucydides, The Peloponnesian War 3.69",Perseus Digital Library,2013-10-16,Athens,37.97158606761233,23.72382469700237,rough,A major Greek city-state and the principal city of Attika. Modern Athens in Greece.
1395,http://data.perseus.org/annotations/occur/places:pleiades/urn:cts:greekLit:tlg0003.tlg001.perseus-eng3#1395,579885,http://pleiades.stoa.org/places/579885#this,greekLit:tlg0003.tlg001.perseus-eng3:3.70,http://data.perseus.org/citations/urn:cts:greekLit:tlg0003.tlg001.perseus-eng3:3.70,"Thucydides, The Peloponnesian War 3.70",Perseus Digital Library,2013-10-16,Athens,37.97158606761233,23.72382469700237,rough,A major Greek city-state and the principal city of Attika. Modern Athens in Greece.
1398,http://data.perseus.org/annotations/occur/places:pleiades/urn:cts:greekLit:tlg0003.tlg001.perseus-eng3#1398,579885,http://pleiades.stoa.org/places/579885#this,greekLit:tlg0003.tlg001.perseus-eng3:3.71,http://data.perseus.org/citations/urn:cts:greekLit:tlg0003.tlg001.perseus-eng3:3.71,"Thucydides, The Peloponnesian War 3.71",Perseus Digital Library,2013-10-16,Athens,37.97158606761233,23.72382469700237,rough,A major Greek city-state and the principal city of Attika. Modern Athens in Greece.
1400,http://data.perseus.org/annotations/occur/places:pleiades/urn:cts:greekLit:tlg0003.tlg001.perseus-eng3#1400,579885,http://pleiades.stoa.org/places/579885#this,greekLit:tlg0003.tlg001.perseus-eng3:3.75,http://data.perseus.org/citations/urn:cts:greekLit:tlg0003.tlg001.perseus-eng3:3.75,"Thucydides, The Peloponnesian War 3.75",Perseus Digital Library,2013-10-16,Athens,37.97158606761233,23.72382469700237,rough,A major Greek city-state and the principal city of Attika. Modern Athens in Greece.
1401,http://data.perseus.org/annotations/occur/places:pleiades/urn:cts:greekLit:tlg0003.tlg001.perseus-eng3#1401,579885,http://pleiades.stoa.org/places/579885#this,greekLit:tlg0003.tlg001.perseus-eng3:3.86,http://data.perseus.org/citations/urn:cts:greekLit:tlg0003.tlg001.perseus-eng3:3.86,"Thucydides, The Peloponnesian War 3.86",Perseus Digital Library,2013-10-16,Athens,37.97158606761233,23.72382469700237,rough,A major Greek city-state and the principal city of Attika. Modern Athens in Greece.
1402,http://data.perseus.org/annotations/occur/places:pleiades/urn:cts:greekLit:tlg0003.tlg001.perseus-eng3#1402,579885,http://pleiades.stoa.org/places/579885#this,greekLit:tlg0003.tlg001.perseus-eng3:3.87,http://data.perseus.org/citations/urn:cts:greekLit:tlg0003.tlg001.perseus-eng3:3.87,"Thucydides, The Peloponnesian War 3.87",Perseus Digital Library,2013-10-16,Athens,37.97158606761233,23.72382469700237,rough,A major Greek city-state and the principal city of Attika. Modern Athens in Greece.
1403,http://data.perseus.org/annotations/occur/places:pleiades/urn:cts:greekLit:tlg0003.tlg001.perseus-eng3#1403,579885,http://pleiades.stoa.org/places/579885#this,greekLit:tlg0003.tlg001.perseus-eng3:3.91,http://data.perseus.org/citations/urn:cts:greekLit:tlg0003.tlg001.perseus-eng3:3.91,"Thucydides, The Peloponnesian War 3.91",Perseus Digital Library,2013-10-16,Athens,37.97158606761233,23.72382469700237,rough,A major Greek city-state and the principal city of Attika. Modern Athens in Greece.
1405,http://data.perseus.org/annotations/occur/places:pleiades/urn:cts:greekLit:tlg0003.tlg001.perseus-eng3#1405,579885,http://pleiades.stoa.org/places/579885#this,greekLit:tlg0003.tlg001.perseus-eng3:3.92,http://data.perseus.org/citations/urn:cts:greekLit:tlg0003.tlg001.perseus-eng3:3.92,"Thucydides, The Peloponnesian War 3.92",Perseus Digital Library,2013-10-16,Athens,37.97158606761233,23.72382469700237,rough,A major Greek city-state and the principal city of Attika. Modern Athens in Greece.
1406,http://data.perseus.org/annotations/occur/places:pleiades/urn:cts:greekLit:tlg0003.tlg001.perseus-eng3#1406,579885,http://pleiades.stoa.org/places/579885#this,greekLit:tlg0003.tlg001.perseus-eng3:3.93,http://data.perseus.org/citations/urn:cts:greekLit:tlg0003.tlg001.perseus-eng3:3.93,"Thucydides, The Peloponnesian War 3.93",Perseus Digital Library,2013-10-16,Athens,37.97158606761233,23.72382469700237,rough,A major Greek city-state and the principal city of Attika. Modern Athens in Greece.
1407,http://data.perseus.org/annotations/occur/places:pleiades/urn:cts:greekLit:tlg0003.tlg001.perseus-eng3#1407,579885,http://pleiades.stoa.org/places/579885#this,greekLit:tlg0003.tlg001.perseus-eng3:3.95,http://data.perseus.org/citations/urn:cts:greekLit:tlg0003.tlg001.perseus-eng3:3.95,"Thucydides, The Peloponnesian War 3.95",Perseus Digital Library,2013-10-16,Athens,37.97158606761233,23.72382469700237,rough,A major Greek city-state and the principal city of Attika. Modern Athens in Greece.
1409,http://data.perseus.org/annotations/occur/places:pleiades/urn:cts:greekLit:tlg0003.tlg001.perseus-eng3#1409,579885,http://pleiades.stoa.org/places/579885#this,greekLit:tlg0003.tlg001.perseus-eng3:3.98,http://data.perseus.org/citations/urn:cts:greekLit:tlg0003.tlg001.perseus-eng3:3.98,"Thucydides, The Peloponnesian War 3.98",Perseus Digital Library,2013-10-16,Athens,37.97158606761233,23.72382469700237,rough,A major Greek city-state and the principal city of Attika. Modern Athens in Greece.
1411,http://data.perseus.org/annotations/occur/places:pleiades/urn:cts:greekLit:tlg0003.tlg001.perseus-eng3#1411,579885,http://pleiades.stoa.org/places/579885#this,greekLit:tlg0003.tlg001.perseus-eng3:3.101,http://data.perseus.org/citations/urn:cts:greekLit:tlg0003.tlg001.perseus-eng3:3.101,"Thucydides, The Peloponnesian War 3.101",Perseus Digital Library,2013-10-16,Athens,37.97158606761233,23.72382469700237,rough,A major Greek city-state and the principal city of Attika. Modern Athens in Greece.
1412,http://data.perseus.org/annotations/occur/places:pleiades/urn:cts:greekLit:tlg0003.tlg001.perseus-eng3#1412,579885,http://pleiades.stoa.org/places/579885#this,greekLit:tlg0003.tlg001.perseus-eng3:3.102,http://data.perseus.org/citations/urn:cts:greekLit:tlg0003.tlg001.perseus-eng3:3.102,"Thucydides, The Peloponnesian War 3.102",Perseus Digital Library,2013-10-16,Athens,37.97158606761233,23.72382469700237,rough,A major Greek city-state and the principal city of Attika. Modern Athens in Greece.
1413,http://data.perseus.org/annotations/occur/places:pleiades/urn:cts:greekLit:tlg0003.tlg001.perseus-eng3#1413,579885,http://pleiades.stoa.org/places/579885#this,greekLit:tlg0003.tlg001.perseus-eng3:3.114,http://data.perseus.org/citations/urn:cts:greekLit:tlg0003.tlg001.perseus-eng3:3.114,"Thucydides, The Peloponnesian War 3.114",Perseus Digital Library,2013-10-16,Athens,37.97158606761233,23.72382469700237,rough,A major Greek city-state and the principal city of Attika. Modern Athens in Greece.
1414,http://data.perseus.org/annotations/occur/places:pleiades/urn:cts:greekLit:tlg0003.tlg001.perseus-eng3#1414,579885,http://pleiades.stoa.org/places/579885#this,greekLit:tlg0003.tlg001.perseus-eng3:3.115,http://data.perseus.org/citations/urn:cts:greekLit:tlg0003.tlg001.perseus-eng3:3.115,"Thucydides, The Peloponnesian War 3.115",Perseus Digital Library,2013-10-16,Athens,37.97158606761233,23.72382469700237,rough,A major Greek city-state and the principal city of Attika. Modern Athens in Greece.
1700,http://data.perseus.org/annotations/occur/places:pleiades/urn:cts:greekLit:tlg0003.tlg001.perseus-eng3#1700,462503,http://pleiades.stoa.org/places/462503#this,greekLit:tlg0003.tlg001.perseus-eng3:3.103,http://data.perseus.org/citations/urn:cts:greekLit:tlg0003.tlg001.perseus-eng3:3.103,"Thucydides, The Peloponnesian War 3.103",Perseus Digital Library,2013-10-16,Syracuse,37.07007897101367,15.283335658142615,rough,An important ancient city on the island of Sicily.
1864,http://data.perseus.org/annotations/occur/places:pleiades/urn:cts:greekLit:tlg0003.tlg001.perseus-eng3#1864,619235,http://pleiades.stoa.org/places/619235#this,greekLit:tlg0003.tlg001.perseus-eng3:3.95,http://data.perseus.org/citations/urn:cts:greekLit:tlg0003.tlg001.perseus-eng3:3.95,"Thucydides, The Peloponnesian War 3.95",Perseus Digital Library,2013-10-16,Parnassos,38.9918185,33.570111,precise,"An ancient place, cited: BAtlas 63 D2 Parnassos"
1920,http://data.perseus.org/annotations/occur/places:pleiades/urn:cts:greekLit:tlg0003.tlg001.perseus-eng3#1920,570182,http://pleiades.stoa.org/places/570182#this,greekLit:tlg0003.tlg001.perseus-eng3:3.15,http://data.perseus.org/citations/urn:cts:greekLit:tlg0003.tlg001.perseus-eng3:3.15,"Thucydides, The Peloponnesian War 3.15",Perseus Digital Library,2013-10-16,Corinthus,37.90564164345828,22.878614390874485,precise,"The ancient Greek and Roman city of Corinth, located in the Peloponnese, Greece. Also known today as Archaia Korinthos and not to be confused with the nearby modern town."
1921,http://data.perseus.org/annotations/occur/places:pleiades/urn:cts:greekLit:tlg0003.tlg001.perseus-eng3#1921,570182,http://pleiades.stoa.org/places/570182#this,greekLit:tlg0003.tlg001.perseus-eng3:3.70,http://data.perseus.org/citations/urn:cts:greekLit:tlg0003.tlg001.perseus-eng3:3.70,"Thucydides, The Peloponnesian War 3.70",Perseus Digital Library,2013-10-16,Corinthus,37.90564164345828,22.878614390874485,precise,"The ancient Greek and Roman city of Corinth, located in the Peloponnese, Greece. Also known today as Archaia Korinthos and not to be confused with the nearby modern town."
1922,http://data.perseus.org/annotations/occur/places:pleiades/urn:cts:greekLit:tlg0003.tlg001.perseus-eng3#1922,570182,http://pleiades.stoa.org/places/570182#this,greekLit:tlg0003.tlg001.perseus-eng3:3.85,http://data.perseus.org/citations/urn:cts:greekLit:tlg0003.tlg001.perseus-eng3:3.85,"Thucydides, The Peloponnesian War 3.85",Perseus Digital Library,2013-10-16,Corinthus,37.90564164345828,22.878614390874485,precise,"The ancient Greek and Roman city of Corinth, located in the Peloponnese, Greece. Also known today as Archaia Korinthos and not to be confused with the nearby modern town."
1923,http://data.perseus.org/annotations/occur/places:pleiades/urn:cts:greekLit:tlg0003.tlg001.perseus-eng3#1923,570182,http://pleiades.stoa.org/places/570182#this,greekLit:tlg0003.tlg001.perseus-eng3:3.100,http://data.perseus.org/citations/urn:cts:greekLit:tlg0003.tlg001.perseus-eng3:3.100,"Thucydides, The Peloponnesian War 3.100",Perseus Digital Library,2013-10-16,Corinthus,37.90564164345828,22.878614390874485,precise,"The ancient Greek and Roman city of Corinth, located in the Peloponnese, Greece. Also known today as Archaia Korinthos and not to be confused with the nearby modern town."
1958,http://data.perseus.org/annotations/occur/places:pleiades/urn:cts:greekLit:tlg0003.tlg001.perseus-eng3#1958,452416,http://pleiades.stoa.org/places/452416#this,greekLit:tlg0003.tlg001.perseus-eng3:3.86,http://data.perseus.org/citations/urn:cts:greekLit:tlg0003.tlg001.perseus-eng3:3.86,"Thucydides, The Peloponnesian War 3.86",Perseus Digital Library,2013-10-16,Rhegion,38.109279,15.64393,precise,"A site with settlement origins in the Bronze and Iron Ages, Rhegion was eventually colonized by Chalcis in either 743 or 730 BCE."
1959,http://data.perseus.org/annotations/occur/places:pleiades/urn:cts:greekLit:tlg0003.tlg001.perseus-eng3#1959,452416,http://pleiades.stoa.org/places/452416#this,greekLit:tlg0003.tlg001.perseus-eng3:3.88,http://data.perseus.org/citations/urn:cts:greekLit:tlg0003.tlg001.perseus-eng3:3.88,"Thucydides, The Peloponnesian War 3.88",Perseus Digital Library,2013-10-16,Rhegion,38.109279,15.64393,precise,"A site with settlement origins in the Bronze and Iron Ages, Rhegion was eventually colonized by Chalcis in either 743 or 730 BCE."
1960,http://data.perseus.org/annotations/occur/places:pleiades/urn:cts:greekLit:tlg0003.tlg001.perseus-eng3#1960,452416,http://pleiades.stoa.org/places/452416#this,greekLit:tlg0003.tlg001.perseus-eng3:3.115,http://data.perseus.org/citations/urn:cts:greekLit:tlg0003.tlg001.perseus-eng3:3.115,"Thucydides, The Peloponnesian War 3.115",Perseus Digital Library,2013-10-16,Rhegion,38.109279,15.64393,precise,"A site with settlement origins in the Bronze and Iron Ages, Rhegion was eventually colonized by Chalcis in either 743 or 730 BCE."
2021,http://data.perseus.org/annotations/occur/places:pleiades/urn:cts:greekLit:tlg0003.tlg001.perseus-eng3#2021,540726,http://pleiades.stoa.org/places/540726#this,greekLit:tlg0003.tlg001.perseus-eng3:3.57,http://data.perseus.org/citations/urn:cts:greekLit:tlg0003.tlg001.perseus-eng3:3.57,"Thucydides, The Peloponnesian War 3.57",Perseus Digital Library,2013-10-16,Delphi,38.482289,22.501169,precise,"The ancient panhellenic sanctuary of Delphi in Greece, seat of the oracle of Apollo."
2022,http://data.perseus.org/annotations/occur/places:pleiades/urn:cts:greekLit:tlg0003.tlg001.perseus-eng3#2022,540736,http://pleiades.stoa.org/places/540736#this,greekLit:tlg0003.tlg001.perseus-eng3:3.57,http://data.perseus.org/citations/urn:cts:greekLit:tlg0003.tlg001.perseus-eng3:3.57,"Thucydides, The Peloponnesian War 3.57",Perseus Digital Library,2013-10-16,Dirphys,38.6275,23.8427778,precise,Highest point (1745 meters) on the island of Euboea
2023,http://data.perseus.org/annotations/occur/places:pleiades/urn:cts:greekLit:tlg0003.tlg001.perseus-eng3#2023,540726,http://pleiades.stoa.org/places/540726#this,greekLit:tlg0003.tlg001.perseus-eng3:3.92,http://data.perseus.org/citations/urn:cts:greekLit:tlg0003.tlg001.perseus-eng3:3.92,"Thucydides, The Peloponnesian War 3.92",Perseus Digital Library,2013-10-16,Delphi,38.482289,22.501169,precise,"The ancient panhellenic sanctuary of Delphi in Greece, seat of the oracle of Apollo."
2024,http://data.perseus.org/annotations/occur/places:pleiades/urn:cts:greekLit:tlg0003.tlg001.perseus-eng3#2024,540736,http://pleiades.stoa.org/places/540736#this,greekLit:tlg0003.tlg001.perseus-eng3:3.92,http://data.perseus.org/citations/urn:cts:greekLit:tlg0003.tlg001.perseus-eng3:3.92,"Thucydides, The Peloponnesian War 3.92",Perseus Digital Library,2013-10-16,Dirphys,38.6275,23.8427778,precise,Highest point (1745 meters) on the island of Euboea
2025,http://data.perseus.org/annotations/occur/places:pleiades/urn:cts:greekLit:tlg0003.tlg001.perseus-eng3#2025,540726,http://pleiades.stoa.org/places/540726#this,greekLit:tlg0003.tlg001.perseus-eng3:3.101,http://data.perseus.org/citations/urn:cts:greekLit:tlg0003.tlg001.perseus-eng3:3.101,"Thucydides, The Peloponnesian War 3.101",Perseus Digital Library,2013-10-16,Delphi,38.482289,22.501169,precise,"The ancient panhellenic sanctuary of Delphi in Greece, seat of the oracle of Apollo."
2026,http://data.perseus.org/annotations/occur/places:pleiades/urn:cts:greekLit:tlg0003.tlg001.perseus-eng3#2026,540736,http://pleiades.stoa.org/places/540736#this,greekLit:tlg0003.tlg001.perseus-eng3:3.101,http://data.perseus.org/citations/urn:cts:greekLit:tlg0003.tlg001.perseus-eng3:3.101,"Thucydides, The Peloponnesian War 3.101",Perseus Digital Library,2013-10-16,Dirphys,38.6275,23.8427778,precise,Highest point (1745 meters) on the island of Euboea
2044,http://data.perseus.org/annotations/occur/places:pleiades/urn:cts:greekLit:tlg0003.tlg001.perseus-eng3#2044,550696,http://pleiades.stoa.org/places/550696#this,greekLit:tlg0003.tlg001.perseus-eng3:3.2,http://data.perseus.org/citations/urn:cts:greekLit:tlg0003.tlg001.perseus-eng3:3.2,"Thucydides, The Peloponnesian War 3.2",Perseus Digital Library,2013-10-16,Lesbos,39.17745702212158,26.23747554008452,rough,"Lesbos is an island of the northeastern Aegean Sea and was named for the son of Lapithos, the descendant of Deucalion and Helen."
2046,http://data.perseus.org/annotations/occur/places:pleiades/urn:cts:greekLit:tlg0003.tlg001.perseus-eng3#2046,550696,http://pleiades.stoa.org/places/550696#this,greekLit:tlg0003.tlg001.perseus-eng3:3.3,http://data.perseus.org/citations/urn:cts:greekLit:tlg0003.tlg001.perseus-eng3:3.3,"Thucydides, The Peloponnesian War 3.3",Perseus Digital Library,2013-10-16,Lesbos,39.17745702212158,26.23747554008452,rough,"Lesbos is an island of the northeastern Aegean Sea and was named for the son of Lapithos, the descendant of Deucalion and Helen."
2047,http://data.perseus.org/annotations/occur/places:pleiades/urn:cts:greekLit:tlg0003.tlg001.perseus-eng3#2047,550696,http://pleiades.stoa.org/places/550696#this,greekLit:tlg0003.tlg001.perseus-eng3:3.4,http://data.perseus.org/citations/urn:cts:greekLit:tlg0003.tlg001.perseus-eng3:3.4,"Thucydides, The Peloponnesian War 3.4",Perseus Digital Library,2013-10-16,Lesbos,39.17745702212158,26.23747554008452,rough,"Lesbos is an island of the northeastern Aegean Sea and was named for the son of Lapithos, the descendant of Deucalion and Helen."
2048,http://data.perseus.org/annotations/occur/places:pleiades/urn:cts:greekLit:tlg0003.tlg001.perseus-eng3#2048,550696,http://pleiades.stoa.org/places/550696#this,greekLit:tlg0003.tlg001.perseus-eng3:3.5,http://data.perseus.org/citations/urn:cts:greekLit:tlg0003.tlg001.perseus-eng3:3.5,"Thucydides, The Peloponnesian War 3.5",Perseus Digital Library,2013-10-16,Lesbos,39.17745702212158,26.23747554008452,rough,"Lesbos is an island of the northeastern Aegean Sea and was named for the son of Lapithos, the descendant of Deucalion and Helen."
2050,http://data.perseus.org/annotations/occur/places:pleiades/urn:cts:greekLit:tlg0003.tlg001.perseus-eng3#2050,550696,http://pleiades.stoa.org/places/550696#this,greekLit:tlg0003.tlg001.perseus-eng3:3.13,http://data.perseus.org/citations/urn:cts:greekLit:tlg0003.tlg001.perseus-eng3:3.13,"Thucydides, The Peloponnesian War 3.13",Perseus Digital Library,2013-10-16,Lesbos,39.17745702212158,26.23747554008452,rough,"Lesbos is an island of the northeastern Aegean Sea and was named for the son of Lapithos, the descendant of Deucalion and Helen."
2051,http://data.perseus.org/annotations/occur/places:pleiades/urn:cts:greekLit:tlg0003.tlg001.perseus-eng3#2051,550696,http://pleiades.stoa.org/places/550696#this,greekLit:tlg0003.tlg001.perseus-eng3:3.16,http://data.perseus.org/citations/urn:cts:greekLit:tlg0003.tlg001.perseus-eng3:3.16,"Thucydides, The Peloponnesian War 3.16",Perseus Digital Library,2013-10-16,Lesbos,39.17745702212158,26.23747554008452,rough,"Lesbos is an island of the northeastern Aegean Sea and was named for the son of Lapithos, the descendant of Deucalion and Helen."
2052,http://data.perseus.org/annotations/occur/places:pleiades/urn:cts:greekLit:tlg0003.tlg001.perseus-eng3#2052,550696,http://pleiades.stoa.org/places/550696#this,greekLit:tlg0003.tlg001.perseus-eng3:3.26,http://data.perseus.org/citations/urn:cts:greekLit:tlg0003.tlg001.perseus-eng3:3.26,"Thucydides, The Peloponnesian War 3.26",Perseus Digital Library,2013-10-16,Lesbos,39.17745702212158,26.23747554008452,rough,"Lesbos is an island of the northeastern Aegean Sea and was named for the son of Lapithos, the descendant of Deucalion and Helen."
2053,http://data.perseus.org/annotations/occur/places:pleiades/urn:cts:greekLit:tlg0003.tlg001.perseus-eng3#2053,550696,http://pleiades.stoa.org/places/550696#this,greekLit:tlg0003.tlg001.perseus-eng3:3.35,http://data.perseus.org/citations/urn:cts:greekLit:tlg0003.tlg001.perseus-eng3:3.35,"Thucydides, The Peloponnesian War 3.35",Perseus Digital Library,2013-10-16,Lesbos,39.17745702212158,26.23747554008452,rough,"Lesbos is an island of the northeastern Aegean Sea and was named for the son of Lapithos, the descendant of Deucalion and Helen."
2054,http://data.perseus.org/annotations/occur/places:pleiades/urn:cts:greekLit:tlg0003.tlg001.perseus-eng3#2054,550696,http://pleiades.stoa.org/places/550696#this,greekLit:tlg0003.tlg001.perseus-eng3:3.49,http://data.perseus.org/citations/urn:cts:greekLit:tlg0003.tlg001.perseus-eng3:3.49,"Thucydides, The Peloponnesian War 3.49",Perseus Digital Library,2013-10-16,Lesbos,39.17745702212158,26.23747554008452,rough,"Lesbos is an island of the northeastern Aegean Sea and was named for the son of Lapithos, the descendant of Deucalion and Helen."
2055,http://data.perseus.org/annotations/occur/places:pleiades/urn:cts:greekLit:tlg0003.tlg001.perseus-eng3#2055,550696,http://pleiades.stoa.org/places/550696#this,greekLit:tlg0003.tlg001.perseus-eng3:3.50,http://data.perseus.org/citations/urn:cts:greekLit:tlg0003.tlg001.perseus-eng3:3.50,"Thucydides, The Peloponnesian War 3.50",Perseus Digital Library,2013-10-16,Lesbos,39.17745702212158,26.23747554008452,rough,"Lesbos is an island of the northeastern Aegean Sea and was named for the son of Lapithos, the descendant of Deucalion and Helen."
2056,http://data.perseus.org/annotations/occur/places:pleiades/urn:cts:greekLit:tlg0003.tlg001.perseus-eng3#2056,550696,http://pleiades.stoa.org/places/550696#this,greekLit:tlg0003.tlg001.perseus-eng3:3.51,http://data.perseus.org/citations/urn:cts:greekLit:tlg0003.tlg001.perseus-eng3:3.51,"Thucydides, The Peloponnesian War 3.51",Perseus Digital Library,2013-10-16,Lesbos,39.17745702212158,26.23747554008452,rough,"Lesbos is an island of the northeastern Aegean Sea and was named for the son of Lapithos, the descendant of Deucalion and Helen."
2086,http://data.perseus.org/annotations/occur/places:pleiades/urn:cts:greekLit:tlg0003.tlg001.perseus-eng3#2086,540775,http://pleiades.stoa.org/places/540775#this,greekLit:tlg0003.tlg001.perseus-eng3:3.3,http://data.perseus.org/citations/urn:cts:greekLit:tlg0003.tlg001.perseus-eng3:3.3,"Thucydides, The Peloponnesian War 3.3",Perseus Digital Library,2013-10-16,Euboea,38.53,23.87,precise,Euboea is the second largest Greek island by area and is separated from the Greek mainland by the Euripus Strait.
2087,http://data.perseus.org/annotations/occur/places:pleiades/urn:cts:greekLit:tlg0003.tlg001.perseus-eng3#2087,540775,http://pleiades.stoa.org/places/540775#this,greekLit:tlg0003.tlg001.perseus-eng3:3.17,http://data.perseus.org/citations/urn:cts:greekLit:tlg0003.tlg001.perseus-eng3:3.17,"Thucydides, The Peloponnesian War 3.17",Perseus Digital Library,2013-10-16,Euboea,38.53,23.87,precise,Euboea is the second largest Greek island by area and is separated from the Greek mainland by the Euripus Strait.
2088,http://data.perseus.org/annotations/occur/places:pleiades/urn:cts:greekLit:tlg0003.tlg001.perseus-eng3#2088,540775,http://pleiades.stoa.org/places/540775#this,greekLit:tlg0003.tlg001.perseus-eng3:3.87,http://data.perseus.org/citations/urn:cts:greekLit:tlg0003.tlg001.perseus-eng3:3.87,"Thucydides, The Peloponnesian War 3.87",Perseus Digital Library,2013-10-16,Euboea,38.53,23.87,precise,Euboea is the second largest Greek island by area and is separated from the Greek mainland by the Euripus Strait.
2089,http://data.perseus.org/annotations/occur/places:pleiades/urn:cts:greekLit:tlg0003.tlg001.perseus-eng3#2089,540775,http://pleiades.stoa.org/places/540775#this,greekLit:tlg0003.tlg001.perseus-eng3:3.89,http://data.perseus.org/citations/urn:cts:greekLit:tlg0003.tlg001.perseus-eng3:3.89,"Thucydides, The Peloponnesian War 3.89",Perseus Digital Library,2013-10-16,Euboea,38.53,23.87,precise,Euboea is the second largest Greek island by area and is separated from the Greek mainland by the Euripus Strait.
2090,http://data.perseus.org/annotations/occur/places:pleiades/urn:cts:greekLit:tlg0003.tlg001.perseus-eng3#2090,540775,http://pleiades.stoa.org/places/540775#this,greekLit:tlg0003.tlg001.perseus-eng3:3.92,http://data.perseus.org/citations/urn:cts:greekLit:tlg0003.tlg001.perseus-eng3:3.92,"Thucydides, The Peloponnesian War 3.92",Perseus Digital Library,2013-10-16,Euboea,38.53,23.87,precise,Euboea is the second largest Greek island by area and is separated from the Greek mainland by the Euripus Strait.
2091,http://data.perseus.org/annotations/occur/places:pleiades/urn:cts:greekLit:tlg0003.tlg001.perseus-eng3#2091,540775,http://pleiades.stoa.org/places/540775#this,greekLit:tlg0003.tlg001.perseus-eng3:3.93,http://data.perseus.org/citations/urn:cts:greekLit:tlg0003.tlg001.perseus-eng3:3.93,"Thucydides, The Peloponnesian War 3.93",Perseus Digital Library,2013-10-16,Euboea,38.53,23.87,precise,Euboea is the second largest Greek island by area and is separated from the Greek mainland by the Euripus Strait.
2193,http://data.perseus.org/annotations/occur/places:pleiades/urn:cts:greekLit:tlg0003.tlg001.perseus-eng3#2193,240868,http://pleiades.stoa.org/places/240868#this,greekLit:tlg0003.tlg001.perseus-eng3:3.1,http://data.perseus.org/citations/urn:cts:greekLit:tlg0003.tlg001.perseus-eng3:3.1,"Thucydides, The Peloponnesian War 3.1",Perseus Digital Library,2013-10-16,Attica,,,rough,"An ancient place, cited: BAtlas 24 unlocated Attica/Bergida"
2194,http://data.perseus.org/annotations/occur/places:pleiades/urn:cts:greekLit:tlg0003.tlg001.perseus-eng3#2194,240868,http://pleiades.stoa.org/places/240868#this,greekLit:tlg0003.tlg001.perseus-eng3:3.13,http://data.perseus.org/citations/urn:cts:greekLit:tlg0003.tlg001.perseus-eng3:3.13,"Thucydides, The Peloponnesian War 3.13",Perseus Digital Library,2013-10-16,Attica,,,rough,"An ancient place, cited: BAtlas 24 unlocated Attica/Bergida"
2196,http://data.perseus.org/annotations/occur/places:pleiades/urn:cts:greekLit:tlg0003.tlg001.perseus-eng3#2196,240868,http://pleiades.stoa.org/places/240868#this,greekLit:tlg0003.tlg001.perseus-eng3:3.15,http://data.perseus.org/citations/urn:cts:greekLit:tlg0003.tlg001.perseus-eng3:3.15,"Thucydides, The Peloponnesian War 3.15",Perseus Digital Library,2013-10-16,Attica,,,rough,"An ancient place, cited: BAtlas 24 unlocated Attica/Bergida"
2197,http://data.perseus.org/annotations/occur/places:pleiades/urn:cts:greekLit:tlg0003.tlg001.perseus-eng3#2197,240868,http://pleiades.stoa.org/places/240868#this,greekLit:tlg0003.tlg001.perseus-eng3:3.17,http://data.perseus.org/citations/urn:cts:greekLit:tlg0003.tlg001.perseus-eng3:3.17,"Thucydides, The Peloponnesian War 3.17",Perseus Digital Library,2013-10-16,Attica,,,rough,"An ancient place, cited: BAtlas 24 unlocated Attica/Bergida"
2198,http://data.perseus.org/annotations/occur/places:pleiades/urn:cts:greekLit:tlg0003.tlg001.perseus-eng3#2198,240868,http://pleiades.stoa.org/places/240868#this,greekLit:tlg0003.tlg001.perseus-eng3:3.25,http://data.perseus.org/citations/urn:cts:greekLit:tlg0003.tlg001.perseus-eng3:3.25,"Thucydides, The Peloponnesian War 3.25",Perseus Digital Library,2013-10-16,Attica,,,rough,"An ancient place, cited: BAtlas 24 unlocated Attica/Bergida"
2199,http://data.perseus.org/annotations/occur/places:pleiades/urn:cts:greekLit:tlg0003.tlg001.perseus-eng3#2199,240868,http://pleiades.stoa.org/places/240868#this,greekLit:tlg0003.tlg001.perseus-eng3:3.26,http://data.perseus.org/citations/urn:cts:greekLit:tlg0003.tlg001.perseus-eng3:3.26,"Thucydides, The Peloponnesian War 3.26",Perseus Digital Library,2013-10-16,Attica,,,rough,"An ancient place, cited: BAtlas 24 unlocated Attica/Bergida"
2200,http://data.perseus.org/annotations/occur/places:pleiades/urn:cts:greekLit:tlg0003.tlg001.perseus-eng3#2200,240868,http://pleiades.stoa.org/places/240868#this,greekLit:tlg0003.tlg001.perseus-eng3:3.34,http://data.perseus.org/citations/urn:cts:greekLit:tlg0003.tlg001.perseus-eng3:3.34,"Thucydides, The Peloponnesian War 3.34",Perseus Digital Library,2013-10-16,Attica,,,rough,"An ancient place, cited: BAtlas 24 unlocated Attica/Bergida"
2201,http://data.perseus.org/annotations/occur/places:pleiades/urn:cts:greekLit:tlg0003.tlg001.perseus-eng3#2201,240868,http://pleiades.stoa.org/places/240868#this,greekLit:tlg0003.tlg001.perseus-eng3:3.89,http://data.perseus.org/citations/urn:cts:greekLit:tlg0003.tlg001.perseus-eng3:3.89,"Thucydides, The Peloponnesian War 3.89",Perseus Digital Library,2013-10-16,Attica,,,rough,"An ancient place, cited: BAtlas 24 unlocated Attica/Bergida"
2231,http://data.perseus.org/annotations/occur/places:pleiades/urn:cts:greekLit:tlg0003.tlg001.perseus-eng3#2231,589748,http://pleiades.stoa.org/places/589748#this,greekLit:tlg0003.tlg001.perseus-eng3:3.69,http://data.perseus.org/citations/urn:cts:greekLit:tlg0003.tlg001.perseus-eng3:3.69,"Thucydides, The Peloponnesian War 3.69",Perseus Digital Library,2013-10-16,Creta (island),35.2148470630119,25.074079692118698,rough,The island of Crete is the largest of the Greek islands and the fifth-largest island in the Mediterranean Sea.
2235,http://data.perseus.org/annotations/occur/places:pleiades/urn:cts:greekLit:tlg0003.tlg001.perseus-eng3#2235,541140,http://pleiades.stoa.org/places/541140#this,greekLit:tlg0003.tlg001.perseus-eng3:3.92,http://data.perseus.org/citations/urn:cts:greekLit:tlg0003.tlg001.perseus-eng3:3.92,"Thucydides, The Peloponnesian War 3.92",Perseus Digital Library,2013-10-16,Thermopylae,38.79600000000001,22.543644,precise,Thermopylae is the name of a narrow pass leading from Thessaly into Locris. It was the site of a pivotal battle during the Graeco-Persian wars in 480 BC.
2258,http://data.perseus.org/annotations/occur/places:pleiades/urn:cts:greekLit:tlg0003.tlg001.perseus-eng3#2258,530975,http://pleiades.stoa.org/places/530975#this,greekLit:tlg0003.tlg001.perseus-eng3:3.7,http://data.perseus.org/citations/urn:cts:greekLit:tlg0003.tlg001.perseus-eng3:3.7,"Thucydides, The Peloponnesian War 3.7",Perseus Digital Library,2013-10-16,Leucas,38.698754550170605,20.65365223867039,precise,The ancient Ionian island of Leucas is known today as Lefkada.
2260,http://data.perseus.org/annotations/occur/places:pleiades/urn:cts:greekLit:tlg0003.tlg001.perseus-eng3#2260,530975,http://pleiades.stoa.org/places/530975#this,greekLit:tlg0003.tlg001.perseus-eng3:3.80,http://data.perseus.org/citations/urn:cts:greekLit:tlg0003.tlg001.perseus-eng3:3.80,"Thucydides, The Peloponnesian War 3.80",Perseus Digital Library,2013-10-16,Leucas,38.698754550170605,20.65365223867039,precise,The ancient Ionian island of Leucas is known today as Lefkada.
2262,http://data.perseus.org/annotations/occur/places:pleiades/urn:cts:greekLit:tlg0003.tlg001.perseus-eng3#2262,530975,http://pleiades.stoa.org/places/530975#this,greekLit:tlg0003.tlg001.perseus-eng3:3.81,http://data.perseus.org/citations/urn:cts:greekLit:tlg0003.tlg001.perseus-eng3:3.81,"Thucydides, The Peloponnesian War 3.81",Perseus Digital Library,2013-10-16,Leucas,38.698754550170605,20.65365223867039,precise,The ancient Ionian island of Leucas is known today as Lefkada.
2264,http://data.perseus.org/annotations/occur/places:pleiades/urn:cts:greekLit:tlg0003.tlg001.perseus-eng3#2264,530975,http://pleiades.stoa.org/places/530975#this,greekLit:tlg0003.tlg001.perseus-eng3:3.94,http://data.perseus.org/citations/urn:cts:greekLit:tlg0003.tlg001.perseus-eng3:3.94,"Thucydides, The Peloponnesian War 3.94",Perseus Digital Library,2013-10-16,Leucas,38.698754550170605,20.65365223867039,precise,The ancient Ionian island of Leucas is known today as Lefkada.
2268,http://data.perseus.org/annotations/occur/places:pleiades/urn:cts:greekLit:tlg0003.tlg001.perseus-eng3#2268,530975,http://pleiades.stoa.org/places/530975#this,greekLit:tlg0003.tlg001.perseus-eng3:3.95,http://data.perseus.org/citations/urn:cts:greekLit:tlg0003.tlg001.perseus-eng3:3.95,"Thucydides, The Peloponnesian War 3.95",Perseus Digital Library,2013-10-16,Leucas,38.698754550170605,20.65365223867039,precise,The ancient Ionian island of Leucas is known today as Lefkada.
2272,http://data.perseus.org/annotations/occur/places:pleiades/urn:cts:greekLit:tlg0003.tlg001.perseus-eng3#2272,530975,http://pleiades.stoa.org/places/530975#this,greekLit:tlg0003.tlg001.perseus-eng3:3.102,http://data.perseus.org/citations/urn:cts:greekLit:tlg0003.tlg001.perseus-eng3:3.102,"Thucydides, The Peloponnesian War 3.102",Perseus Digital Library,2013-10-16,Leucas,38.698754550170605,20.65365223867039,precise,The ancient Ionian island of Leucas is known today as Lefkada.
2331,http://data.perseus.org/annotations/occur/places:pleiades/urn:cts:greekLit:tlg0003.tlg001.perseus-eng3#2331,570468,http://pleiades.stoa.org/places/543777#this,greekLit:tlg0003.tlg001.perseus-eng3:3.51,http://data.perseus.org/citations/urn:cts:greekLit:tlg0003.tlg001.perseus-eng3:3.51,"Thucydides, The Peloponnesian War 3.51",Perseus Digital Library,2013-10-16,Megara,37.985078,23.340163,precise,"An ancient settlement, attested by literary or documentary sources, whose precise location cannot be determined today"
2337,http://data.perseus.org/annotations/occur/places:pleiades/urn:cts:greekLit:tlg0003.tlg001.perseus-eng3#2337,570468,http://pleiades.stoa.org/places/543777#this,greekLit:tlg0003.tlg001.perseus-eng3:3.68,http://data.perseus.org/citations/urn:cts:greekLit:tlg0003.tlg001.perseus-eng3:3.68,"Thucydides, The Peloponnesian War 3.68",Perseus Digital Library,2013-10-16,Megara,37.985078,23.340163,precise,"An ancient settlement, attested by literary or documentary sources, whose precise location cannot be determined today"
2488,http://data.perseus.org/annotations/occur/places:pleiades/urn:cts:greekLit:tlg0003.tlg001.perseus-eng3#2488,1001889,http://pleiades.stoa.org/places/1001889#this,greekLit:tlg0003.tlg001.perseus-eng3:3.92,http://data.perseus.org/citations/urn:cts:greekLit:tlg0003.tlg001.perseus-eng3:3.92,"Thucydides, The Peloponnesian War 3.92",Perseus Digital Library,2013-10-16,Thrace,42.5,27.5,rough,"An ancient place, cited: BAtlas 102 E3 no. 3 (Thrake)"
2510,http://data.perseus.org/annotations/occur/places:pleiades/urn:cts:greekLit:tlg0003.tlg001.perseus-eng3#2510,648614,http://pleiades.stoa.org/places/648614#this,greekLit:tlg0003.tlg001.perseus-eng3:3.92,http://data.perseus.org/citations/urn:cts:greekLit:tlg0003.tlg001.perseus-eng3:3.92,"Thucydides, The Peloponnesian War 3.92",Perseus Digital Library,2013-10-16,Cybistra,37.589731,34.152792500000004,precise,"An ancient place, cited: BAtlas 66 E1 Cybistra"
2511,http://data.perseus.org/annotations/occur/places:pleiades/urn:cts:greekLit:tlg0003.tlg001.perseus-eng3#2511,452333,http://pleiades.stoa.org/places/151774#this,greekLit:tlg0003.tlg001.perseus-eng3:3.92,http://data.perseus.org/citations/urn:cts:greekLit:tlg0003.tlg001.perseus-eng3:3.92,"Thucydides, The Peloponnesian War 3.92",Perseus Digital Library,2013-10-16,Heraclea,40.21972967324548,16.670397870167548,precise,"An ancient place, cited: BAtlas 15 unlocated Heraclea"
2513,http://data.perseus.org/annotations/occur/places:pleiades/urn:cts:greekLit:tlg0003.tlg001.perseus-eng3#2513,511357,http://pleiades.stoa.org/places/511357#this,greekLit:tlg0003.tlg001.perseus-eng3:3.92,http://data.perseus.org/citations/urn:cts:greekLit:tlg0003.tlg001.perseus-eng3:3.92,"Thucydides, The Peloponnesian War 3.92",Perseus Digital Library,2013-10-16,Perinthus,40.971013,27.952973,precise,"An ancient place, cited: BAtlas 52 B3 Perinthus/Heraclea"
2520,http://data.perseus.org/annotations/occur/places:pleiades/urn:cts:greekLit:tlg0003.tlg001.perseus-eng3#2520,648614,http://pleiades.stoa.org/places/648614#this,greekLit:tlg0003.tlg001.perseus-eng3:3.100,http://data.perseus.org/citations/urn:cts:greekLit:tlg0003.tlg001.perseus-eng3:3.100,"Thucydides, The Peloponnesian War 3.100",Perseus Digital Library,2013-10-16,Cybistra,37.589731,34.152792500000004,precise,"An ancient place, cited: BAtlas 66 E1 Cybistra"
2521,http://data.perseus.org/annotations/occur/places:pleiades/urn:cts:greekLit:tlg0003.tlg001.perseus-eng3#2521,452333,http://pleiades.stoa.org/places/151774#this,greekLit:tlg0003.tlg001.perseus-eng3:3.100,http://data.perseus.org/citations/urn:cts:greekLit:tlg0003.tlg001.perseus-eng3:3.100,"Thucydides, The Peloponnesian War 3.100",Perseus Digital Library,2013-10-16,Heraclea,40.21972967324548,16.670397870167548,precise,"An ancient place, cited: BAtlas 15 unlocated Heraclea"
2523,http://data.perseus.org/annotations/occur/places:pleiades/urn:cts:greekLit:tlg0003.tlg001.perseus-eng3#2523,511357,http://pleiades.stoa.org/places/511357#this,greekLit:tlg0003.tlg001.perseus-eng3:3.100,http://data.perseus.org/citations/urn:cts:greekLit:tlg0003.tlg001.perseus-eng3:3.100,"Thucydides, The Peloponnesian War 3.100",Perseus Digital Library,2013-10-16,Perinthus,40.971013,27.952973,precise,"An ancient place, cited: BAtlas 52 B3 Perinthus/Heraclea"
2632,http://data.perseus.org/annotations/occur/places:pleiades/urn:cts:greekLit:tlg0003.tlg001.perseus-eng3#2632,570685,http://pleiades.stoa.org/places/570685#this,greekLit:tlg0003.tlg001.perseus-eng3:3.4,http://data.perseus.org/citations/urn:cts:greekLit:tlg0003.tlg001.perseus-eng3:3.4,"Thucydides, The Peloponnesian War 3.4",Perseus Digital Library,2013-10-16,Sparta,37.08184552460426,22.42468254617709,precise,Sparta was a prominent city-state (polis) of ancient Greece.
2636,http://data.perseus.org/annotations/occur/places:pleiades/urn:cts:greekLit:tlg0003.tlg001.perseus-eng3#2636,570685,http://pleiades.stoa.org/places/570685#this,greekLit:tlg0003.tlg001.perseus-eng3:3.25,http://data.perseus.org/citations/urn:cts:greekLit:tlg0003.tlg001.perseus-eng3:3.25,"Thucydides, The Peloponnesian War 3.25",Perseus Digital Library,2013-10-16,Sparta,37.08184552460426,22.42468254617709,precise,Sparta was a prominent city-state (polis) of ancient Greece.
2638,http://data.perseus.org/annotations/occur/places:pleiades/urn:cts:greekLit:tlg0003.tlg001.perseus-eng3#2638,570685,http://pleiades.stoa.org/places/570685#this,greekLit:tlg0003.tlg001.perseus-eng3:3.28,http://data.perseus.org/citations/urn:cts:greekLit:tlg0003.tlg001.perseus-eng3:3.28,"Thucydides, The Peloponnesian War 3.28",Perseus Digital Library,2013-10-16,Sparta,37.08184552460426,22.42468254617709,precise,Sparta was a prominent city-state (polis) of ancient Greece.
2640,http://data.perseus.org/annotations/occur/places:pleiades/urn:cts:greekLit:tlg0003.tlg001.perseus-eng3#2640,570685,http://pleiades.stoa.org/places/570685#this,greekLit:tlg0003.tlg001.perseus-eng3:3.52,http://data.perseus.org/citations/urn:cts:greekLit:tlg0003.tlg001.perseus-eng3:3.52,"Thucydides, The Peloponnesian War 3.52",Perseus Digital Library,2013-10-16,Sparta,37.08184552460426,22.42468254617709,precise,Sparta was a prominent city-state (polis) of ancient Greece.
2642,http://data.perseus.org/annotations/occur/places:pleiades/urn:cts:greekLit:tlg0003.tlg001.perseus-eng3#2642,570685,http://pleiades.stoa.org/places/570685#this,greekLit:tlg0003.tlg001.perseus-eng3:3.63,http://data.perseus.org/citations/urn:cts:greekLit:tlg0003.tlg001.perseus-eng3:3.63,"Thucydides, The Peloponnesian War 3.63",Perseus Digital Library,2013-10-16,Sparta,37.08184552460426,22.42468254617709,precise,Sparta was a prominent city-state (polis) of ancient Greece.
2644,http://data.perseus.org/annotations/occur/places:pleiades/urn:cts:greekLit:tlg0003.tlg001.perseus-eng3#2644,570685,http://pleiades.stoa.org/places/570685#this,greekLit:tlg0003.tlg001.perseus-eng3:3.85,http://data.perseus.org/citations/urn:cts:greekLit:tlg0003.tlg001.perseus-eng3:3.85,"Thucydides, The Peloponnesian War 3.85",Perseus Digital Library,2013-10-16,Sparta,37.08184552460426,22.42468254617709,precise,Sparta was a prominent city-state (polis) of ancient Greece.
2646,http://data.perseus.org/annotations/occur/places:pleiades/urn:cts:greekLit:tlg0003.tlg001.perseus-eng3#2646,570685,http://pleiades.stoa.org/places/570685#this,greekLit:tlg0003.tlg001.perseus-eng3:3.92,http://data.perseus.org/citations/urn:cts:greekLit:tlg0003.tlg001.perseus-eng3:3.92,"Thucydides, The Peloponnesian War 3.92",Perseus Digital Library,2013-10-16,Sparta,37.08184552460426,22.42468254617709,precise,Sparta was a prominent city-state (polis) of ancient Greece.
2648,http://data.perseus.org/annotations/occur/places:pleiades/urn:cts:greekLit:tlg0003.tlg001.perseus-eng3#2648,570685,http://pleiades.stoa.org/places/570685#this,greekLit:tlg0003.tlg001.perseus-eng3:3.100,http://data.perseus.org/citations/urn:cts:greekLit:tlg0003.tlg001.perseus-eng3:3.100,"Thucydides, The Peloponnesian War 3.100",Perseus Digital Library,2013-10-16,Sparta,37.08184552460426,22.42468254617709,precise,Sparta was a prominent city-state (polis) of ancient Greece.
2908,http://data.perseus.org/annotations/occur/places:pleiades/urn:cts:greekLit:tlg0003.tlg001.perseus-eng3#2908,550435,http://pleiades.stoa.org/places/857684#this,greekLit:tlg0003.tlg001.perseus-eng3:3.18,http://data.perseus.org/citations/urn:cts:greekLit:tlg0003.tlg001.perseus-eng3:3.18,"Thucydides, The Peloponnesian War 3.18",Perseus Digital Library,2013-10-16,Antissa,39.29138196809891,26.01898649974304,precise,"An ancient place, cited: BAtlas 87 unlocated Antissa"
2912,http://data.perseus.org/annotations/occur/places:pleiades/urn:cts:greekLit:tlg0003.tlg001.perseus-eng3#2912,550435,http://pleiades.stoa.org/places/857684#this,greekLit:tlg0003.tlg001.perseus-eng3:3.28,http://data.perseus.org/citations/urn:cts:greekLit:tlg0003.tlg001.perseus-eng3:3.28,"Thucydides, The Peloponnesian War 3.28",Perseus Digital Library,2013-10-16,Antissa,39.29138196809891,26.01898649974304,precise,"An ancient place, cited: BAtlas 87 unlocated Antissa"
2982,http://data.perseus.org/annotations/occur/places:pleiades/urn:cts:greekLit:tlg0003.tlg001.perseus-eng3#2982,570106,http://pleiades.stoa.org/places/570106#this,greekLit:tlg0003.tlg001.perseus-eng3:3.102,http://data.perseus.org/citations/urn:cts:greekLit:tlg0003.tlg001.perseus-eng3:3.102,"Thucydides, The Peloponnesian War 3.102",Perseus Digital Library,2013-10-16,Argos,37.63104688932719,22.720380240841404,precise,Argos was a city of ancient Greece that reached its cultural highpoint under Pheidon in the seventh century BC.
2988,http://data.perseus.org/annotations/occur/places:pleiades/urn:cts:greekLit:tlg0003.tlg001.perseus-eng3#2988,570106,http://pleiades.stoa.org/places/570106#this,greekLit:tlg0003.tlg001.perseus-eng3:3.105,http://data.perseus.org/citations/urn:cts:greekLit:tlg0003.tlg001.perseus-eng3:3.105,"Thucydides, The Peloponnesian War 3.105",Perseus Digital Library,2013-10-16,Argos,37.63104688932719,22.720380240841404,precise,Argos was a city of ancient Greece that reached its cultural highpoint under Pheidon in the seventh century BC.
3000,http://data.perseus.org/annotations/occur/places:pleiades/urn:cts:greekLit:tlg0003.tlg001.perseus-eng3#3000,570106,http://pleiades.stoa.org/places/570106#this,greekLit:tlg0003.tlg001.perseus-eng3:3.106,http://data.perseus.org/citations/urn:cts:greekLit:tlg0003.tlg001.perseus-eng3:3.106,"Thucydides, The Peloponnesian War 3.106",Perseus Digital Library,2013-10-16,Argos,37.63104688932719,22.720380240841404,precise,Argos was a city of ancient Greece that reached its cultural highpoint under Pheidon in the seventh century BC.
3012,http://data.perseus.org/annotations/occur/places:pleiades/urn:cts:greekLit:tlg0003.tlg001.perseus-eng3#3012,570106,http://pleiades.stoa.org/places/570106#this,greekLit:tlg0003.tlg001.perseus-eng3:3.107,http://data.perseus.org/citations/urn:cts:greekLit:tlg0003.tlg001.perseus-eng3:3.107,"Thucydides, The Peloponnesian War 3.107",Perseus Digital Library,2013-10-16,Argos,37.63104688932719,22.720380240841404,precise,Argos was a city of ancient Greece that reached its cultural highpoint under Pheidon in the seventh century BC.
3018,http://data.perseus.org/annotations/occur/places:pleiades/urn:cts:greekLit:tlg0003.tlg001.perseus-eng3#3018,570106,http://pleiades.stoa.org/places/570106#this,greekLit:tlg0003.tlg001.perseus-eng3:3.108,http://data.perseus.org/citations/urn:cts:greekLit:tlg0003.tlg001.perseus-eng3:3.108,"Thucydides, The Peloponnesian War 3.108",Perseus Digital Library,2013-10-16,Argos,37.63104688932719,22.720380240841404,precise,Argos was a city of ancient Greece that reached its cultural highpoint under Pheidon in the seventh century BC.
3024,http://data.perseus.org/annotations/occur/places:pleiades/urn:cts:greekLit:tlg0003.tlg001.perseus-eng3#3024,570106,http://pleiades.stoa.org/places/570106#this,greekLit:tlg0003.tlg001.perseus-eng3:3.112,http://data.perseus.org/citations/urn:cts:greekLit:tlg0003.tlg001.perseus-eng3:3.112,"Thucydides, The Peloponnesian War 3.112",Perseus Digital Library,2013-10-16,Argos,37.63104688932719,22.720380240841404,precise,Argos was a city of ancient Greece that reached its cultural highpoint under Pheidon in the seventh century BC.
3400,http://data.perseus.org/annotations/occur/places:pleiades/urn:cts:greekLit:tlg0003.tlg001.perseus-eng3#3400,599564,http://pleiades.stoa.org/places/599564#this,greekLit:tlg0003.tlg001.perseus-eng3:3.19,http://data.perseus.org/citations/urn:cts:greekLit:tlg0003.tlg001.perseus-eng3:3.19,"Thucydides, The Peloponnesian War 3.19",Perseus Digital Library,2013-10-16,Caria (region),37.437078612236505,28.04488373784654,precise,A historical region of western Anatolia.
3416,http://data.perseus.org/annotations/occur/places:pleiades/urn:cts:greekLit:tlg0003.tlg001.perseus-eng3#3416,1052,http://pleiades.stoa.org/places/1052#this,greekLit:tlg0003.tlg001.perseus-eng3:3.86,http://data.perseus.org/citations/urn:cts:greekLit:tlg0003.tlg001.perseus-eng3:3.86,"Thucydides, The Peloponnesian War 3.86",Perseus Digital Library,2013-10-16,Italia,43.6941505,11.0949512,rough,The Italian peninsula extending northward to the Alps as recognized by the Romans.
3609,http://data.perseus.org/annotations/occur/places:pleiades/urn:cts:greekLit:tlg0003.tlg001.perseus-eng3#3609,465922,http://pleiades.stoa.org/places/465922#this,greekLit:tlg0003.tlg001.perseus-eng3:3.103,http://data.perseus.org/citations/urn:cts:greekLit:tlg0003.tlg001.perseus-eng3:3.103,"Thucydides, The Peloponnesian War 3.103",Perseus Digital Library,2013-10-16,Inessa/Aitna,,,rough,"An ancient settlement, attested by literary or documentary sources, whose precise location cannot be determined today."
3646,http://data.perseus.org/annotations/occur/places:pleiades/urn:cts:greekLit:tlg0003.tlg001.perseus-eng3#3646,540841,http://pleiades.stoa.org/places/540841#this,greekLit:tlg0003.tlg001.perseus-eng3:3.54,http://data.perseus.org/citations/urn:cts:greekLit:tlg0003.tlg001.perseus-eng3:3.54,"Thucydides, The Peloponnesian War 3.54",Perseus Digital Library,2013-10-16,Ithome/Thamiai (Thessaly),39.41554703319896,21.801837477150567,precise,"A town in the Hestiaiotis region between Metropolis and Gomphoi. Now modern Phanari, where the visible architecture on the acropolis largely belongs to Byzantine and Ottoman fortresses."
3647,http://data.perseus.org/annotations/occur/places:pleiades/urn:cts:greekLit:tlg0003.tlg001.perseus-eng3#3647,599871,http://pleiades.stoa.org/places/599872#this,greekLit:tlg0003.tlg001.perseus-eng3:3.33,http://data.perseus.org/citations/urn:cts:greekLit:tlg0003.tlg001.perseus-eng3:3.33,"Thucydides, The Peloponnesian War 3.33",Perseus Digital Library,2013-10-16,Patmos,37.3091187,26.5464039,precise,Patmos is the smallest and northernmost island of the ancient Sporades.
3655,http://data.perseus.org/annotations/occur/places:pleiades/urn:cts:greekLit:tlg0003.tlg001.perseus-eng3#3655,599587,http://pleiades.stoa.org/places/599588#this,greekLit:tlg0003.tlg001.perseus-eng3:3.29,http://data.perseus.org/citations/urn:cts:greekLit:tlg0003.tlg001.perseus-eng3:3.29,"Thucydides, The Peloponnesian War 3.29",Perseus Digital Library,2013-10-16,Delos,37.397274,25.268194,precise,"The Aegean island of Delos, part of the Cyclades island group."
3657,http://data.perseus.org/annotations/occur/places:pleiades/urn:cts:greekLit:tlg0003.tlg001.perseus-eng3#3657,599587,http://pleiades.stoa.org/places/599588#this,greekLit:tlg0003.tlg001.perseus-eng3:3.104,http://data.perseus.org/citations/urn:cts:greekLit:tlg0003.tlg001.perseus-eng3:3.104,"Thucydides, The Peloponnesian War 3.104",Perseus Digital Library,2013-10-16,Delos,37.397274,25.268194,precise,"The Aegean island of Delos, part of the Cyclades island group."
3751,http://data.perseus.org/annotations/occur/places:pleiades/urn:cts:greekLit:tlg0003.tlg001.perseus-eng3#3751,462538,http://pleiades.stoa.org/places/462538#this,greekLit:tlg0003.tlg001.perseus-eng3:3.90,http://data.perseus.org/citations/urn:cts:greekLit:tlg0003.tlg001.perseus-eng3:3.90,"Thucydides, The Peloponnesian War 3.90",Perseus Digital Library,2013-10-16,Zancle/Messana,38.192251,15.556634,precise,"Zancle was founded as Greek colony in the eighth century B.C. Home of the Mamertines who called for Roman assistance against Carthaginian forces in 264 B.C., sparking the First Punic War."
3863,http://data.perseus.org/annotations/occur/places:pleiades/urn:cts:greekLit:tlg0003.tlg001.perseus-eng3#3863,462077,http://pleiades.stoa.org/places/462077#this,greekLit:tlg0003.tlg001.perseus-eng3:3.116,http://data.perseus.org/citations/urn:cts:greekLit:tlg0003.tlg001.perseus-eng3:3.116,"Thucydides, The Peloponnesian War 3.116",Perseus Digital Library,2013-10-16,Aetna,37.75723275646079,14.984597856051682,precise,An active stratovolcano on the east coast of Sicily (known today as Mount Etna).
3875,http://data.perseus.org/annotations/occur/places:pleiades/urn:cts:greekLit:tlg0003.tlg001.perseus-eng3#3875,541138,http://pleiades.stoa.org/places/541138#this,greekLit:tlg0003.tlg001.perseus-eng3:3.22,http://data.perseus.org/citations/urn:cts:greekLit:tlg0003.tlg001.perseus-eng3:3.22,"Thucydides, The Peloponnesian War 3.22",Perseus Digital Library,2013-10-16,Thebes,38.319948833333335,23.317653433333334,precise,The ancient city of Thebes in Boeotia (modern Greece).
3877,http://data.perseus.org/annotations/occur/places:pleiades/urn:cts:greekLit:tlg0003.tlg001.perseus-eng3#3877,541138,http://pleiades.stoa.org/places/541138#this,greekLit:tlg0003.tlg001.perseus-eng3:3.24,http://data.perseus.org/citations/urn:cts:greekLit:tlg0003.tlg001.perseus-eng3:3.24,"Thucydides, The Peloponnesian War 3.24",Perseus Digital Library,2013-10-16,Thebes,38.319948833333335,23.317653433333334,precise,The ancient city of Thebes in Boeotia (modern Greece).
3892,http://data.perseus.org/annotations/occur/places:pleiades/urn:cts:greekLit:tlg0003.tlg001.perseus-eng3#3892,530794,http://pleiades.stoa.org/places/530794#this,greekLit:tlg0003.tlg001.perseus-eng3:3.113,http://data.perseus.org/citations/urn:cts:greekLit:tlg0003.tlg001.perseus-eng3:3.113,"Thucydides, The Peloponnesian War 3.113",Perseus Digital Library,2013-10-16,Ambracia,39.1549245,20.990092500000003,precise,"Ambracia (modern Arta) was an ancient city of central Greece, founded as a colony of Corinth in the seventh century BC. It was located near the Ambracian Gulf along the course of the river Arachthos."
3893,http://data.perseus.org/annotations/occur/places:pleiades/urn:cts:greekLit:tlg0003.tlg001.perseus-eng3#3893,530794,http://pleiades.stoa.org/places/530794#this,greekLit:tlg0003.tlg001.perseus-eng3:3.114,http://data.perseus.org/citations/urn:cts:greekLit:tlg0003.tlg001.perseus-eng3:3.114,"Thucydides, The Peloponnesian War 3.114",Perseus Digital Library,2013-10-16,Ambracia,39.1549245,20.990092500000003,precise,"Ambracia (modern Arta) was an ancient city of central Greece, founded as a colony of Corinth in the seventh century BC. It was located near the Ambracian Gulf along the course of the river Arachthos."
